,participant,gender,reason,language,english,excel,visual,r,python,timestamp
2,60106245db5b643e9ca0542f,male,partofcourse,python,5,4,2,2,2,2021-01-26T18:42:42.522Z
3,6010ea6bdb5b643e9ca05461,male,curiosity,r,4,4,1,1,3,2021-01-27T04:23:21.367Z
4,60112d18db5b643e9ca05469,female,jobsearch,python,4,4,1,1,0,2021-01-27T09:10:11.504Z
5,601146dadb5b643e9ca054e5,female,jobsearch,python,5,2,3,0,0,2021-01-27T10:58:45.518Z
6,60114dc2db5b643e9ca054ed,male,project,python,5,3,3,0,2,2021-01-27T11:26:35.35Z
7,6011a3fedb5b643e9ca06099,female,jobsearch,python,5,2,4,0,0,2021-01-27T17:37:10.227Z
8,601275c1db5b643e9ca060b4,male,research,python,4,5,3,3,5,2021-01-28T08:31:14.826Z
9,60129cbddb5b643e9ca06877,female,partofcourse,python,3,2,3,1,0,2021-01-28T11:16:58.287Z
10,6014329e8a8fb97c0541f5d3,female,jobsearch,python,4,4,1,0,0,2021-01-29T16:07:54.68Z
11,601587f68a8fb97c0541f607,male,curiosity,python,2,3,4,2,4,2021-01-30T16:29:32.086Z
13,60185e4ef8a80c12afba1014,female,curiosity,python,4,3,3,2,2,2021-02-01T20:03:57.598Z
16,6018f3bcf8a80c12afba2189,male,partofcourse,python,1,4,3,0,3,2021-02-02T06:41:44.68Z
17,6018f3b6f8a80c12afba2184,male,partofcourse,python,3,5,4,1,5,2021-02-02T06:43:02.739Z
18,6018f495f8a80c12afba21aa,female,partofcourse,python,2,4,4,1,3,2021-02-02T06:45:34.663Z
19,6018f410f8a80c12afba2194,male,partofcourse,python,1,4,5,0,3,2021-02-02T06:45:42.02Z
20,6018f3a9f8a80c12afba217e,male,research,python,2,3,3,2,3,2021-02-02T06:45:52.947Z
21,6018f44df8a80c12afba219c,male,partofcourse,python,0,4,3,0,3,2021-02-02T06:46:50.157Z
22,6018f4c5f8a80c12afba21b9,male,partofcourse,python,3,4,3,4,4,2021-02-02T06:47:25.316Z
23,6018f517f8a80c12afba21c8,male,partofcourse,python,3,3,2,1,2,2021-02-02T06:47:32.382Z
24,6018f4bbf8a80c12afba21b3,male,partofcourse,python,2,3,3,1,2,2021-02-02T06:48:15.598Z
25,6018f56af8a80c12afba21e0,female,partofcourse,python,4,3,4,0,1,2021-02-02T06:48:42.815Z
26,6018f5fff8a80c12afba2201,female,partofcourse,python,2,2,2,1,2,2021-02-02T06:51:31.833Z
27,6018f660f8a80c12afba2217,male,partofcourse,python,3,2,2,2,2,2021-02-02T06:52:42.338Z
28,6018f5fef8a80c12afba21ff,female,partofcourse,python,4,4,5,0,4,2021-02-02T06:54:53.203Z
29,6018f6a1f8a80c12afba223b,male,partofcourse,python,2,2,5,1,2,2021-02-02T06:56:31.807Z
30,6018f723f8a80c12afba2369,male,partofcourse,python,2,4,5,0,2,2021-02-02T06:57:22.821Z
31,6018f733f8a80c12afba2374,male,partofcourse,python,0,3,0,0,2,2021-02-02T06:57:27.715Z
32,6018f7bbf8a80c12afba2406,female,partofcourse,python,2,2,2,2,1,2021-02-02T06:59:05.599Z
33,6018f697f8a80c12afba2235,male,ebook,python,2,4,2,0,3,2021-02-02T06:59:49.114Z
34,6018f7b8f8a80c12afba2403,male,research,python,2,3,5,0,2,2021-02-02T06:59:58.574Z
35,6018f6f3f8a80c12afba2286,male,research,python,2,2,3,2,4,2021-02-02T07:00:17.069Z
36,6018f6ebf8a80c12afba227b,female,partofcourse,python,1,2,3,1,2,2021-02-02T07:01:44.828Z
37,6018f5a0f8a80c12afba21ec,male,partofcourse,python,3,3,2,0,3,2021-02-02T07:02:11.998Z
38,6018f8bbf8a80c12afba253f,male,partofcourse,python,4,4,0,1,3,2021-02-02T07:05:34.098Z
39,6018f9d4f8a80c12afba2793,male,partofcourse,python,3,4,4,0,3,2021-02-02T07:08:39.069Z
40,6018fb2ef8a80c12afba2993,male,project,python,3,2,2,2,2,2021-02-02T07:14:49.343Z
41,6018fb66f8a80c12afba2a0e,male,research,python,2,2,3,3,1,2021-02-02T07:18:22.072Z
42,6018fd16f8a80c12afba2cd5,female,partofcourse,python,4,3,2,1,2,2021-02-02T07:22:18.133Z
43,6018fd6ef8a80c12afba2d4f,male,partofcourse,python,5,2,3,1,3,2021-02-02T07:23:24.792Z
44,6018fd6ef8a80c12afba2d4f,male,partofcourse,python,5,2,3,1,3,2021-02-02T07:23:24.912Z
45,6018fe8ff8a80c12afba2fa8,male,partofcourse,python,0,0,0,0,0,2021-02-02T07:26:42.396Z
46,6019000af8a80c12afba322f,male,partofcourse,python,2,2,2,4,4,2021-02-02T07:34:50.652Z
47,6018fd31f8a80c12afba2cf5,female,partofcourse,python,2,3,2,1,3,2021-02-02T07:41:11.799Z
48,6018fd31f8a80c12afba2cf5,female,partofcourse,python,2,3,2,1,3,2021-02-02T07:41:11.896Z
49,60190373f8a80c12afba3a90,female,partofcourse,python,3,3,2,0,3,2021-02-02T07:58:07.831Z
50,60190c05f8a80c12afba4a8f,male,partofcourse,python,2,2,5,2,2,2021-02-02T08:27:35.425Z
51,60190c05f8a80c12afba4a8f,male,partofcourse,python,2,2,5,2,2,2021-02-02T08:27:35.924Z
52,60190c05f8a80c12afba4a8f,male,partofcourse,python,2,2,5,2,2,2021-02-02T08:27:36.093Z
53,60190c05f8a80c12afba4a8f,male,partofcourse,python,2,2,5,2,2,2021-02-02T08:27:36.164Z
54,60190c05f8a80c12afba4a8f,male,partofcourse,python,2,2,5,2,2,2021-02-02T08:27:36.193Z
55,60190c05f8a80c12afba4a8f,male,partofcourse,python,2,2,5,2,2,2021-02-02T08:27:36.893Z
56,60190c05f8a80c12afba4a8f,male,partofcourse,python,2,2,5,2,2,2021-02-02T08:27:37.362Z
57,60190c05f8a80c12afba4a8f,male,partofcourse,python,2,2,5,2,2,2021-02-02T08:27:37.434Z
58,60190c05f8a80c12afba4a8f,male,partofcourse,python,2,2,5,2,2,2021-02-02T08:27:37.491Z
59,60190c05f8a80c12afba4a8f,male,partofcourse,python,2,2,5,2,2,2021-02-02T08:27:37.544Z
60,60190c05f8a80c12afba4a8f,male,partofcourse,python,2,2,5,2,2,2021-02-02T08:27:37.963Z
61,6018fb2ef8a80c12afba2993,male,project,python,2,2,2,0,2,2021-02-02T08:39:59.36Z
62,6019105cf8a80c12afba53d7,male,ebook,python,2,3,2,2,3,2021-02-02T08:43:29.721Z
63,6019112df8a80c12afba553a,male,ebook,python,2,4,2,2,4,2021-02-02T08:46:45.158Z
64,60191b55f8a80c12afba6660,male,partofcourse,python,2,2,5,0,2,2021-02-02T09:29:56.472Z
65,60191b2af8a80c12afba6602,male,partofcourse,python,2,3,2,1,3,2021-02-02T09:31:26.951Z
66,6019238ff8a80c12afba7fc0,male,partofcourse,python,0,0,0,0,0,2021-02-02T10:06:04.604Z
67,6019249ff8a80c12afba840b,male,partofcourse,python,5,2,3,0,3,2021-02-02T10:09:56.785Z
68,601924caf8a80c12afba853f,female,curiosity,python,2,3,3,2,3,2021-02-02T10:10:22.048Z
69,601924e3f8a80c12afba85d6,female,partofcourse,python,5,3,5,1,0,2021-02-02T10:10:31.789Z
70,601924f2f8a80c12afba8654,female,curiosity,python,5,4,2,0,0,2021-02-02T10:10:43.115Z
71,601924edf8a80c12afba861d,female,partofcourse,python,5,3,3,1,1,2021-02-02T10:11:09.985Z
72,60192506f8a80c12afba8709,female,partofcourse,python,3,4,3,1,3,2021-02-02T10:11:31.095Z
73,6019252af8a80c12afba8755,female,partofcourse,python,4,3,3,1,0,2021-02-02T10:12:12.529Z
74,60192601f8a80c12afba8aa9,female,research,python,5,3,5,2,1,2021-02-02T10:16:11.943Z
75,601925def8a80c12afba8a6a,female,partofcourse,python,5,2,5,1,0,2021-02-02T10:16:23.802Z
76,601925c8f8a80c12afba89d6,female,partofcourse,python,5,3,4,3,1,2021-02-02T10:16:26.751Z
77,60192610f8a80c12afba8ad7,female,jobsearch,python,5,3,5,1,1,2021-02-02T10:17:09.778Z
78,60192531f8a80c12afba8766,male,partofcourse,python,2,2,5,1,1,2021-02-02T10:17:12.747Z
79,601925eff8a80c12afba8a91,female,curiosity,python,5,2,4,3,1,2021-02-02T10:17:17.053Z
80,60192582f8a80c12afba892c,male,curiosity,python,4,3,4,1,0,2021-02-02T10:17:26.19Z
81,6019268bf8a80c12afba8d22,female,partofcourse,python,5,2,5,1,1,2021-02-02T10:17:57.121Z
82,601926a6f8a80c12afba8dda,male,partofcourse,python,5,3,4,2,1,2021-02-02T10:19:22.125Z
83,601926c6f8a80c12afba8eaa,female,curiosity,python,4,4,5,1,1,2021-02-02T10:19:25.075Z
84,60192601f8a80c12afba8aaa,female,research,python,2,4,3,1,3,2021-02-02T10:22:02.37Z
85,60192799f8a80c12afba9199,male,partofcourse,r,5,3,4,3,1,2021-02-02T10:22:15.951Z
86,6019275ff8a80c12afba906a,male,partofcourse,python,2,5,0,1,3,2021-02-02T10:22:40.055Z
87,601927c8f8a80c12afba9261,male,partofcourse,python,5,2,0,0,0,2021-02-02T10:22:47.632Z
88,601927cbf8a80c12afba9277,female,jobsearch,python,5,1,2,0,0,2021-02-02T10:22:49.026Z
89,601927dbf8a80c12afba9299,male,project,python,4,3,2,2,3,2021-02-02T10:23:15.044Z
90,601927d2f8a80c12afba9286,male,partofcourse,python,5,3,2,2,1,2021-02-02T10:23:17.811Z
91,6019281bf8a80c12afba93fa,female,partofcourse,python,4,3,2,1,1,2021-02-02T10:25:25.068Z
92,60192845f8a80c12afba9525,male,partofcourse,python,0,3,3,0,2,2021-02-02T10:25:59.326Z
93,60192885f8a80c12afba9672,female,partofcourse,python,2,2,5,1,3,2021-02-02T10:26:42.778Z
94,601928dff8a80c12afba988d,male,partofcourse,python,4,4,2,2,3,2021-02-02T10:27:41.818Z
95,60192904f8a80c12afba994e,male,partofcourse,python,5,4,4,0,0,2021-02-02T10:28:15.179Z
96,601928eef8a80c12afba98e0,female,partofcourse,python,4,3,2,2,1,2021-02-02T10:28:15.853Z
97,6019291bf8a80c12afba99cf,female,partofcourse,python,5,3,2,1,1,2021-02-02T10:28:25.988Z
98,6019290ff8a80c12afba996f,female,curiosity,python,5,4,3,1,1,2021-02-02T10:30:44.37Z
99,60192a0cf8a80c12afbaa0b1,female,partofcourse,python,4,3,2,1,0,2021-02-02T10:32:29.745Z
100,60192a03f8a80c12afbaa059,male,project,python,4,4,3,0,4,2021-02-02T10:33:54.956Z
101,60192a78f8a80c12afbaa48e,female,partofcourse,python,5,1,4,1,1,2021-02-02T10:35:13.394Z
102,60193056f8a80c12afbad1c3,female,partofcourse,python,5,3,3,1,1,2021-02-02T10:59:37.984Z
104,60193331f8a80c12afbaedd5,male,partofcourse,python,5,3,2,1,3,2021-02-02T11:12:27.777Z
105,601933bcf8a80c12afbaf2c7,male,partofcourse,python,3,3,2,0,0,2021-02-02T11:13:59.738Z
106,60193a1cf8a80c12afbb4284,male,partofcourse,python,3,3,2,1,3,2021-02-02T11:44:37.571Z
107,60193afaf8a80c12afbb512d,female,curiosity,python,5,3,2,1,4,2021-02-02T11:45:05.193Z
108,60193eb6f8a80c12afbb727e,male,partofcourse,python,2,3,4,0,0,2021-02-02T12:00:29.688Z
109,60193c10f8a80c12afbb6286,male,project,python,4,4,3,2,4,2021-02-02T12:06:12.278Z
110,60194527f8a80c12afbba1bf,male,partofcourse,python,3,4,2,1,4,2021-02-02T12:29:47.909Z
111,6019525cf8a80c12afbbe535,male,partofcourse,python,2,2,2,0,4,2021-02-02T13:24:34.982Z
112,60190285f8a80c12afba38a3,male,project,python,3,4,2,2,4,2021-02-02T13:33:02.019Z
113,60195993f8a80c12afbc0b90,male,partofcourse,python,0,0,0,0,0,2021-02-02T13:54:53.063Z
114,60195e7df8a80c12afbc1d74,male,partofcourse,python,4,4,3,2,5,2021-02-02T14:19:59.598Z
115,601961ddf8a80c12afbc2b4d,male,curiosity,python,1,4,2,4,2,2021-02-02T14:31:25.33Z
116,601963bff8a80c12afbc316c,male,partofcourse,python,3,3,2,0,3,2021-02-02T14:39:12.117Z
117,60196af9f8a80c12afbc4bac,male,partofcourse,python,0,0,0,0,0,2021-02-02T15:09:09.697Z
118,60197a63f8a80c12afbc88ad,female,jobsearch,python,4,4,2,0,0,2021-02-02T16:16:10.319Z
119,60197c36f8a80c12afbc9093,male,ebook,python,3,3,3,3,3,2021-02-02T16:26:30.426Z
120,60198289f8a80c12afbcab0c,female,partofcourse,python,2,2,2,1,2,2021-02-02T16:50:16.081Z
121,6019a87df8a80c12afbd4ecd,female,curiosity,python,5,3,2,1,4,2021-02-02T19:31:39.092Z
122,601a16cef8a80c12afbd712f,male,partofcourse,python,0,0,0,0,0,2021-02-03T03:22:18.427Z
123,601a28e1f8a80c12afbd8c2d,male,partofcourse,python,2,3,4,1,3,2021-02-03T05:02:11.376Z
124,601a2f32f8a80c12afbd93a0,male,ebook,python,2,4,2,2,3,2021-02-03T05:07:13.817Z
125,601a3a2ef8a80c12afbda079,male,partofcourse,python,4,5,3,2,4,2021-02-03T05:54:01.384Z
126,601a9107f8a80c12afbdcee7,male,project,python,4,4,3,2,4,2021-02-03T12:11:31.996Z
127,601a996df8a80c12afbdd1cf,female,curiosity,python,5,4,3,0,1,2021-02-03T12:42:18.185Z
128,601a9ad7f8a80c12afbdd249,female,jobsearch,python,4,3,2,3,1,2021-02-03T12:47:09.254Z
129,601a9cdbf8a80c12afbdd286,female,jobsearch,python,5,5,0,2,4,2021-02-03T12:54:57.539Z
130,601a9ebcf8a80c12afbdd295,male,jobsearch,python,2,4,2,1,3,2021-02-03T13:03:37.113Z
131,601aab34f8a80c12afbdd684,male,research,python,4,4,2,0,4,2021-02-03T13:56:32.141Z
132,601ab97df8a80c12afbddd65,male,project,python,3,4,2,2,2,2021-02-03T14:57:44.038Z
133,601ad24ff8a80c12afbdde77,male,ebook,python,3,3,1,0,2,2021-02-03T17:00:00.441Z
134,601b75cbf8a80c12afbde5a5,female,partofcourse,python,5,5,2,0,4,2021-02-04T04:20:25.386Z
135,601b76e2f8a80c12afbde5be,male,jobsearch,r,4,4,2,3,4,2021-02-04T04:26:49.611Z
136,601b8f72f8a80c12afbde80a,male,partofcourse,python,3,4,3,0,3,2021-02-04T06:11:04.4Z
137,601b8f72f8a80c12afbde80a,male,partofcourse,python,3,3,2,1,3,2021-02-04T06:13:01.191Z
138,601ba4acf8a80c12afbdee12,male,partofcourse,python,1,4,2,1,3,2021-02-04T07:40:37.811Z
139,601beec0f8a80c12afbe12ac,female,curiosity,python,4,2,2,2,2,2021-02-04T12:56:45.61Z
140,601bfddcf8a80c12afbe1762,male,Other,python,5,5,3,0,5,2021-02-04T14:01:48.188Z
141,601c0016f8a80c12afbe1810,male,partofcourse,python,4,3,3,0,4,2021-02-04T14:10:45.089Z
142,601c0011f8a80c12afbe180d,female,partofcourse,python,4,3,3,1,0,2021-02-04T14:11:00.324Z
143,601c0036f8a80c12afbe1824,female,partofcourse,python,5,4,4,2,1,2021-02-04T14:11:27.394Z
144,601c0028f8a80c12afbe1819,male,partofcourse,python,5,4,2,0,2,2021-02-04T14:11:42.656Z
145,601c0052f8a80c12afbe1858,female,project,python,0,0,2,4,4,2021-02-04T14:11:44.353Z
146,601c005ef8a80c12afbe185c,male,partofcourse,python,4,3,2,0,0,2021-02-04T14:12:00.493Z
147,601c0004f8a80c12afbe1803,male,partofcourse,python,5,2,5,1,5,2021-02-04T14:12:08.04Z
148,601c005ff8a80c12afbe185f,female,partofcourse,python,5,2,5,1,1,2021-02-04T14:12:45.169Z
149,601c00c4f8a80c12afbe18aa,female,partofcourse,python,5,2,5,1,1,2021-02-04T14:13:06.248Z
150,601c00e0f8a80c12afbe18d7,male,partofcourse,python,4,2,2,0,3,2021-02-04T14:13:46.402Z
151,601c00b3f8a80c12afbe18a3,female,Other,python,5,4,2,0,0,2021-02-04T14:14:02.69Z
152,601c009bf8a80c12afbe1896,female,partofcourse,r,5,3,3,1,0,2021-02-04T14:14:03.786Z
153,601c0119f8a80c12afbe1910,male,partofcourse,python,5,4,2,0,2,2021-02-04T14:14:31.951Z
154,601c0130f8a80c12afbe193e,male,partofcourse,r,4,2,2,2,1,2021-02-04T14:14:51.064Z
155,601c011ff8a80c12afbe1926,female,partofcourse,python,5,2,5,1,0,2021-02-04T14:14:54.969Z
156,601c0102f8a80c12afbe18ed,female,partofcourse,python,3,2,5,3,1,2021-02-04T14:15:16.776Z
157,601c003af8a80c12afbe1828,female,partofcourse,python,5,3,4,1,1,2021-02-04T14:15:26.516Z
158,601c0125f8a80c12afbe192d,male,partofcourse,python,5,4,2,0,0,2021-02-04T14:15:36.058Z
159,601c0063f8a80c12afbe1862,female,partofcourse,python,5,3,0,0,0,2021-02-04T14:15:39.527Z
160,601c014ef8a80c12afbe1964,female,partofcourse,python,5,3,4,2,3,2021-02-04T14:15:40.201Z
161,601c0143f8a80c12afbe1959,female,partofcourse,python,5,3,4,0,2,2021-02-04T14:15:43.353Z
162,601c0175f8a80c12afbe19d7,male,project,python,0,0,0,0,0,2021-02-04T14:15:56.825Z
163,601c0122f8a80c12afbe192a,female,partofcourse,python,4,1,5,1,1,2021-02-04T14:16:11.348Z
164,601c0172f8a80c12afbe19d1,female,Other,python,2,3,4,2,1,2021-02-04T14:16:14.283Z
165,601c0153f8a80c12afbe196c,male,partofcourse,python,5,2,3,1,0,2021-02-04T14:16:14.594Z
166,601c019bf8a80c12afbe1a15,male,curiosity,python,5,3,0,1,3,2021-02-04T14:16:55.06Z
167,601c018ef8a80c12afbe19fe,female,partofcourse,python,4,5,0,4,3,2021-02-04T14:16:55.091Z
168,601c019af8a80c12afbe1a13,male,partofcourse,python,4,2,3,1,0,2021-02-04T14:17:01.095Z
169,601c014cf8a80c12afbe1961,female,partofcourse,python,5,2,5,2,0,2021-02-04T14:17:06.171Z
170,601c018df8a80c12afbe19f8,male,partofcourse,python,5,3,5,0,0,2021-02-04T14:17:17.844Z
171,601c01a9f8a80c12afbe1a26,female,partofcourse,python,5,2,5,1,1,2021-02-04T14:17:29.771Z
172,601c013cf8a80c12afbe1953,female,partofcourse,python,5,2,4,1,2,2021-02-04T14:18:01.598Z
173,601c025ef8a80c12afbe1b80,male,partofcourse,python,5,4,2,1,0,2021-02-04T14:20:34.914Z
174,601c0246f8a80c12afbe1b2d,female,partofcourse,python,5,5,2,1,0,2021-02-04T14:21:02.808Z
175,601c02a8f8a80c12afbe1c99,female,partofcourse,python,5,2,4,1,1,2021-02-04T14:21:16.243Z
176,601c0266f8a80c12afbe1b97,female,partofcourse,python,5,4,5,1,0,2021-02-04T14:21:16.309Z
177,601c0266f8a80c12afbe1b97,female,partofcourse,python,5,4,5,1,0,2021-02-04T14:21:16.625Z
178,601c0266f8a80c12afbe1b97,female,partofcourse,python,5,4,5,1,0,2021-02-04T14:21:17.604Z
179,601c0266f8a80c12afbe1b97,female,partofcourse,python,5,4,5,1,0,2021-02-04T14:21:18.037Z
180,601c0284f8a80c12afbe1c4d,female,partofcourse,python,4,3,4,1,0,2021-02-04T14:21:18.397Z
181,601c0266f8a80c12afbe1b97,female,partofcourse,python,5,4,5,1,0,2021-02-04T14:21:19.038Z
182,601c02c4f8a80c12afbe1d5d,female,partofcourse,python,5,3,4,1,1,2021-02-04T14:21:41.212Z
183,601c030cf8a80c12afbe1e3f,female,project,python,3,2,5,0,0,2021-02-04T14:26:13.232Z
184,601c2b20f8a80c12afbefe74,male,ebook,python,2,4,2,2,3,2021-02-04T17:14:10.368Z
185,601c6e7bf8a80c12afbf2ff5,male,curiosity,python,5,4,2,1,1,2021-02-04T22:03:36.92Z
186,601d2755a6af0b0a8bd18def,male,curiosity,r,5,5,3,1,4,2021-02-05T11:10:55.376Z
187,601d4127a6af0b0a8bd19920,male,partofcourse,python,3,5,4,2,4,2021-02-05T13:00:20.767Z
188,601d6caaa6af0b0a8bd1badb,female,jobsearch,python,4,3,3,1,0,2021-02-05T16:07:58.541Z
189,601f3546a6af0b0a8bd1e5fd,female,jobsearch,python,5,4,2,3,4,2021-02-07T00:33:49.46Z
190,60200e96a6af0b0a8bd1f1ec,male,curiosity,python,5,4,2,2,4,2021-02-07T16:01:50.47Z
191,6020b3d4a6af0b0a8bd2254c,male,ebook,python,2,4,2,2,4,2021-02-08T03:46:54.834Z
192,6021968ea6af0b0a8bd27418,female,jobsearch,python,2,4,2,0,0,2021-02-08T19:54:10.576Z
193,602220c2a6af0b0a8bd28b75,male,research,python,2,3,1,0,3,2021-02-09T05:45:09.045Z
194,60237970a6af0b0a8bd2b659,male,curiosity,python,5,3,4,3,5,2021-02-10T06:15:02.477Z
195,602518e9a6af0b0a8bd2c4e4,male,partofcourse,python,2,2,5,5,3,2021-02-11T11:48:20.818Z
196,60253716a6af0b0a8bd2c579,male,partofcourse,python,2,3,5,5,4,2021-02-11T18:00:39.896Z
197,60257b2fa6af0b0a8bd2c85c,male,jobsearch,python,5,4,4,3,3,2021-02-11T18:46:07.397Z
198,6027df88a6af0b0a8bd31fcc,female,research,python,5,4,2,0,2,2021-02-13T14:20:30.574Z
199,602a3ccea6af0b0a8bd3716d,female,partofcourse,python,5,2,5,1,1,2021-02-15T09:21:44.377Z
200,602ada93a6af0b0a8bd3a878,male,curiosity,python,5,4,2,1,2,2021-02-15T20:34:47.19Z
201,602956fda6af0b0a8bd34b4d,male,partofcourse,python,4,4,4,4,4,2021-02-16T04:01:43.893Z
202,602e3d9ba6af0b0a8bd3b399,male,curiosity,python,4,4,2,3,4,2021-02-18T10:14:02.485Z
203,602e9b3aa6af0b0a8bd3b578,male,curiosity,python,5,4,3,4,2,2021-02-18T16:52:59.624Z
204,602eaa28a6af0b0a8bd3b5e2,male,curiosity,python,5,2,1,2,3,2021-02-18T17:56:59.603Z
205,602ee3d9a6af0b0a8bd3b607,female,research,python,3,3,0,0,0,2021-02-18T22:04:30.254Z
206,602f0596a6af0b0a8bd3b61b,other,jobsearch,python,0,0,0,0,0,2021-02-19T00:26:19Z
207,602f18faa6af0b0a8bd3b6f5,male,curiosity,python,2,2,2,3,3,2021-02-19T01:49:24.989Z
208,602f7b89a6af0b0a8bd3bddd,female,ebook,python,3,2,2,0,3,2021-02-19T08:50:54.931Z
209,602f8914a6af0b0a8bd3c671,male,jobsearch,python,5,4,2,0,4,2021-02-19T09:49:30Z
210,602fae39a6af0b0a8bd3dbfc,female,jobsearch,python,4,5,1,2,4,2021-02-19T12:27:41.366Z
211,602faf5ba6af0b0a8bd3dc17,prefernot,Other,python,0,0,0,0,0,2021-02-19T12:31:00.241Z
212,60308698a6af0b0a8bd3f58d,male,jobsearch,python,2,3,3,1,2,2021-02-20T03:54:43.583Z
213,6031027aa6af0b0a8bd3fbdf,male,curiosity,python,4,0,3,0,3,2021-02-20T12:38:20.324Z
214,60311003a6af0b0a8bd3ff4d,male,curiosity,python,3,2,2,2,4,2021-02-20T13:36:03.884Z
215,60311173a6af0b0a8bd3ff53,female,partofcourse,python,5,5,4,1,1,2021-02-20T13:42:07.119Z
216,60312899a6af0b0a8bd40126,male,partofcourse,python,4,4,1,4,1,2021-02-20T15:21:03.164Z
217,603170eaa6af0b0a8bd4121d,male,curiosity,python,5,2,2,1,3,2021-02-20T20:29:07.368Z
218,6031f9bfa6af0b0a8bd4125f,prefernot,Other,python,1,0,5,0,0,2021-02-21T06:13:31.022Z
219,6032151aa6af0b0a8bd41497,male,jobsearch,python,4,4,2,3,3,2021-02-21T08:10:10.145Z
220,60329eb1a6af0b0a8bd41e61,female,project,python,5,4,3,4,4,2021-02-21T17:57:14.688Z
221,60337093a6af0b0a8bd42ac1,male,research,r,4,4,0,1,3,2021-02-22T08:54:12.242Z
222,6033ba09a6af0b0a8bd44439,male,jobsearch,python,5,4,4,2,4,2021-02-22T14:06:01.409Z
223,6033d2d5a6af0b0a8bd44495,male,curiosity,python,4,4,2,2,3,2021-02-22T15:52:23.552Z
224,60340d95a6af0b0a8bd4558b,male,curiosity,python,5,4,1,0,0,2021-02-22T20:03:39.178Z
225,6034d8eda6af0b0a8bd457ad,male,curiosity,python,4,4,1,0,2,2021-02-23T10:30:49.639Z
226,6034f4d0a6af0b0a8bd457e3,male,curiosity,python,5,4,2,1,2,2021-02-23T12:29:54.555Z
227,60351426a6af0b0a8bd4614a,male,curiosity,python,3,0,2,0,4,2021-02-23T14:43:48.719Z
228,6035ee7ea6af0b0a8bd462e3,male,jobsearch,python,5,2,1,0,3,2021-02-24T06:14:09.214Z
229,603611d9a6af0b0a8bd462ea,male,curiosity,python,4,3,4,1,4,2021-02-24T08:45:35.984Z
230,60362ef0a6af0b0a8bd462f2,female,partofcourse,python,5,2,3,1,0,2021-02-24T10:49:11.473Z
231,603648baa6af0b0a8bd4631e,female,partofcourse,python,5,3,3,0,2,2021-02-24T12:39:07.31Z
232,6037236aa6af0b0a8bd482cd,female,curiosity,python,4,3,3,3,5,2021-02-25T04:13:26.977Z
233,6037aa0ea6af0b0a8bd48d99,prefernot,Other,python,3,3,3,3,3,2021-02-25T13:46:12.611Z
234,6037ccbfa6af0b0a8bd49964,prefernot,curiosity,python,3,4,0,0,2,2021-02-25T16:17:50.376Z
235,6037ecc7a6af0b0a8bd49eed,male,partofcourse,python,5,2,0,1,3,2021-02-25T18:31:06.411Z
236,60380562a6af0b0a8bd49f1b,male,Other,python,5,3,1,3,4,2021-02-25T20:16:50.523Z
237,60390376a6af0b0a8bd49f38,male,jobsearch,python,4,4,2,1,3,2021-02-26T14:20:42.491Z
238,603a8e8ba6af0b0a8bd4c64e,male,curiosity,r,5,3,2,2,0,2021-02-27T18:25:54.784Z
239,603d439fa6af0b0a8bd52ba3,female,curiosity,python,4,3,2,2,3,2021-03-01T19:43:47.229Z
240,603d7455a6af0b0a8bd53507,male,jobsearch,python,4,4,2,2,4,2021-03-01T23:12:35.621Z
241,603e09b4a6af0b0a8bd5350d,male,partofcourse,python,4,4,3,4,2,2021-03-02T09:49:20.754Z
242,603eb70ba6af0b0a8bd5371b,male,partofcourse,python,4,0,2,0,0,2021-03-02T22:11:36.192Z
243,603fca9ca6af0b0a8bd5374f,male,project,python,3,3,3,1,2,2021-03-03T17:44:27.329Z
244,604064afa6af0b0a8bd537d8,male,curiosity,python,5,4,2,3,4,2021-03-04T04:43:06.181Z
245,604243eaba869b0aa718df97,prefernot,curiosity,python,0,0,1,0,0,2021-03-05T14:46:03.227Z
246,6043ba33ba869b0aa718e216,male,curiosity,python,5,3,3,1,4,2021-03-06T17:23:35.038Z
247,6043d2acba869b0aa718e21f,male,curiosity,python,5,1,4,1,4,2021-03-06T19:08:10.23Z
248,6043f0bcba869b0aa718e259,male,curiosity,python,4,4,2,0,3,2021-03-06T21:15:31.284Z
249,6045cb5fba869b0aa718e2eb,male,curiosity,python,5,2,2,0,2,2021-03-08T07:01:04.18Z
250,60464c7fba869b0aa718e375,prefernot,Other,python,2,2,2,2,2,2021-03-08T16:11:32.689Z
251,6047772dba869b0aa718e6f5,male,jobsearch,python,5,3,3,1,4,2021-03-09T13:25:45.051Z
252,604844e2ba869b0aa718e77a,male,curiosity,python,4,5,2,5,3,2021-03-10T04:06:07.546Z
253,6048d5a3ba869b0aa718e7a0,male,project,python,4,4,2,1,4,2021-03-10T14:21:14.276Z
254,60490662ba869b0aa718e7b3,male,jobsearch,python,2,3,2,0,4,2021-03-10T17:49:54.06Z
255,604a2fdeba869b0aa718eb64,male,research,python,2,0,0,3,4,2021-03-11T14:58:59.942Z
256,604a3c4cba869b0aa718ec11,male,curiosity,python,4,2,2,1,3,2021-03-11T15:51:50.644Z
257,604b4b62ba869b0aa718f27e,male,Other,python,5,5,2,4,3,2021-03-12T11:07:55.77Z
258,604b6696ba869b0aa718f328,male,partofcourse,python,4,4,3,3,4,2021-03-12T13:10:35.649Z
259,604ba23eba869b0aa718f3ad,male,partofcourse,python,4,4,2,3,4,2021-03-12T17:19:23.223Z
260,604bbb22ba869b0aa718f3bb,male,jobsearch,python,5,3,1,1,2,2021-03-12T19:04:55.628Z
261,604c3e10ba869b0aa718f3e2,male,partofcourse,python,3,2,2,1,1,2021-03-13T04:57:59.52Z
262,604c4937ba869b0aa718f400,male,research,python,3,4,2,2,4,2021-03-13T05:13:23.568Z
263,604c56b5ba869b0aa718f41e,female,partofcourse,python,4,4,2,4,4,2021-03-13T06:09:33.279Z
264,604c564bba869b0aa718f416,male,research,python,2,5,2,0,0,2021-03-13T06:12:37.755Z
265,604c56b5ba869b0aa718f41e,female,partofcourse,python,3,4,3,4,1,2021-03-13T06:14:59.681Z
266,604c8482ba869b0aa71912a0,male,partofcourse,python,3,2,2,2,2,2021-03-13T09:24:36.47Z
267,604ca5b8ba869b0aa7193223,male,partofcourse,python,3,3,4,2,2,2021-03-13T11:46:24.927Z
268,604caa6fba869b0aa7193514,female,curiosity,python,2,3,2,1,3,2021-03-13T12:07:04.44Z
269,604ccd32ba869b0aa71946ce,female,partofcourse,python,5,4,2,0,3,2021-03-13T15:04:41.329Z
270,604ccd32ba869b0aa71946ce,female,partofcourse,python,5,4,2,0,3,2021-03-13T15:04:41.802Z
271,604ce667ba869b0aa7194ebe,male,partofcourse,python,2,3,4,0,0,2021-03-13T16:22:11.982Z
272,604cf57bba869b0aa719567b,female,curiosity,python,1,4,2,3,4,2021-03-13T17:27:16.721Z
273,604d1129ba869b0aa7196b6a,male,curiosity,python,4,1,2,1,2,2021-03-13T19:24:14.536Z
274,604d25f2ba869b0aa7197850,female,partofcourse,python,5,5,5,1,4,2021-03-13T20:53:23.764Z
275,604d27e9ba869b0aa71978fe,male,research,python,2,3,3,0,2,2021-03-13T21:01:12.229Z
276,604d966cba869b0aa7198348,male,project,python,3,3,2,3,2,2021-03-14T04:52:58.66Z
277,604da99bba869b0aa7198807,male,partofcourse,python,4,3,3,3,3,2021-03-14T06:15:01.859Z
278,604dab5fba869b0aa719891e,male,Other,python,3,3,2,1,1,2021-03-14T06:22:06.494Z
279,604dad56ba869b0aa7198ae2,female,partofcourse,python,2,3,4,2,3,2021-03-14T06:31:14.874Z
280,604db12eba869b0aa71990ab,male,partofcourse,python,3,5,2,5,3,2021-03-14T06:47:10.865Z
281,604db1c2ba869b0aa719920c,male,partofcourse,python,2,2,2,2,2,2021-03-14T06:49:11.41Z
282,604daccdba869b0aa7198ace,male,partofcourse,python,4,3,3,2,4,2021-03-14T06:52:06.304Z
283,604dbbbdba869b0aa7199855,male,partofcourse,python,1,4,0,3,3,2021-03-14T07:35:34.053Z
284,604dc59eba869b0aa719a67b,female,research,python,2,3,1,0,2,2021-03-14T08:15:04.617Z
285,604dc59eba869b0aa719a67b,female,research,python,2,3,1,0,2,2021-03-14T08:15:04.838Z
286,604dc83eba869b0aa719ab96,female,research,python,4,2,0,0,1,2021-03-14T08:28:06.185Z
287,604de8b8ba869b0aa719e935,female,partofcourse,python,2,4,4,2,3,2021-03-14T10:45:21.46Z
288,604de8b8ba869b0aa719e935,female,partofcourse,python,2,4,4,2,3,2021-03-14T10:45:21.5Z
289,604de8b8ba869b0aa719e935,female,partofcourse,python,2,4,4,2,3,2021-03-14T10:45:21.816Z
290,604de995ba869b0aa719e9b1,male,partofcourse,python,3,2,3,2,4,2021-03-14T10:48:09.404Z
291,604de8b8ba869b0aa719e935,female,partofcourse,python,2,4,4,2,3,2021-03-14T10:48:09.89Z
292,604de9d9ba869b0aa719e9b7,male,curiosity,python,4,4,2,2,4,2021-03-14T10:49:08.624Z
293,604deec3ba869b0aa719ecf2,female,project,python,2,4,4,2,4,2021-03-14T11:11:50.985Z
294,604deec3ba869b0aa719ecf2,female,project,python,2,4,4,2,4,2021-03-14T11:11:51.383Z
295,604df9aeba869b0aa719f15f,male,partofcourse,python,3,4,2,2,4,2021-03-14T11:56:36.345Z
296,604e0417ba869b0aa719f964,female,curiosity,python,2,5,2,3,3,2021-03-14T12:42:08.333Z
297,604e08d3ba869b0aa719fd96,male,partofcourse,python,2,2,2,2,4,2021-03-14T13:00:51.867Z
298,604e240dba869b0aa71a1241,male,partofcourse,python,3,4,4,4,4,2021-03-14T15:00:28.338Z
299,604e2b01ba869b0aa71a1704,female,partofcourse,python,2,2,2,0,2,2021-03-14T15:53:05.856Z
300,604e3fbbba869b0aa71a2269,male,Other,python,2,3,3,0,2,2021-03-14T16:54:52.421Z
301,604e435cba869b0aa71a277f,male,project,python,4,5,1,3,4,2021-03-14T17:11:51.667Z
302,604e4627ba869b0aa71a28d9,prefernot,jobsearch,python,3,4,2,3,3,2021-03-14T17:22:35.514Z
303,604eec79ba869b0aa71a5338,male,partofcourse,python,1,4,2,3,3,2021-03-15T05:13:56.498Z
304,604ef140ba869b0aa71a5347,female,partofcourse,python,3,4,3,2,4,2021-03-15T05:35:31.426Z
305,604f064eba869b0aa71a5d8d,male,curiosity,python,4,5,3,2,3,2021-03-15T07:04:42.593Z
306,604f148cba869b0aa71a67f1,male,partofcourse,python,3,3,3,3,4,2021-03-15T08:03:02.796Z
307,604f1c3aba869b0aa71a7500,male,partofcourse,python,3,4,3,3,3,2021-03-15T08:36:48.22Z
308,604f27f0ba869b0aa71a9210,female,partofcourse,python,4,4,2,3,2,2021-03-15T09:26:48.453Z
309,604f33b1ba869b0aa71ab0ed,male,curiosity,python,2,3,3,5,4,2021-03-15T10:18:57.163Z
310,604f34bbba869b0aa71ab4c1,male,partofcourse,python,0,4,0,3,2,2021-03-15T10:21:38.045Z
311,604ef27aba869b0aa71a5380,female,partofcourse,python,3,4,4,2,4,2021-03-15T11:00:13.527Z
312,604f4f18ba869b0aa71b0013,female,partofcourse,python,2,4,2,3,4,2021-03-15T12:13:46.706Z
313,604de8e4ba869b0aa719e945,male,partofcourse,python,3,3,3,3,2,2021-03-15T13:46:07.519Z
314,604f797fba869b0aa71b3185,male,partofcourse,python,1,2,2,4,4,2021-03-15T15:14:04.591Z
315,604f7eb8ba869b0aa71b3404,female,partofcourse,python,4,4,4,3,4,2021-03-15T15:36:27.241Z
316,604f7d21ba869b0aa71b32b9,female,partofcourse,python,1,4,2,2,2,2021-03-15T15:44:07.519Z
317,6050ba51ba869b0aa71b5996,female,curiosity,python,3,4,1,3,4,2021-03-16T14:03:12.257Z
318,6050d98bba869b0aa71b59e8,female,partofcourse,python,3,4,3,2,2,2021-03-16T16:18:20.067Z
319,6050f676ba869b0aa71b5a1c,male,research,python,3,3,0,2,2,2021-03-16T18:20:02.045Z
320,6051134eba869b0aa71b5a39,other,curiosity,r,2,4,1,4,1,2021-03-16T20:22:47.387Z
321,6051266eba869b0aa71b5a42,male,curiosity,python,4,3,2,1,1,2021-03-16T21:45:00.75Z
322,6051b252ba869b0aa71b5a57,female,jobsearch,python,2,4,2,0,0,2021-03-17T07:41:27.497Z
323,6051d189ba869b0aa71b5abf,male,jobsearch,python,4,2,3,1,1,2021-03-17T09:56:28.39Z
324,6051ffd2ba869b0aa71b5cd3,male,Other,python,5,4,0,2,4,2021-03-17T13:12:59.89Z
325,605242a8ba869b0aa71b5e1f,male,partofcourse,python,5,2,2,4,4,2021-03-17T17:57:16.636Z
326,60524f0dba869b0aa71b5e6b,male,partofcourse,python,3,4,2,3,3,2021-03-17T18:49:46.649Z
327,60525918ba869b0aa71b5fd8,male,curiosity,python,3,5,1,3,4,2021-03-17T19:33:31.128Z
328,6052f862ba869b0aa71b6036,female,curiosity,python,4,3,4,0,1,2021-03-18T06:52:17.444Z
329,605328b2ba869b0aa71b6100,male,curiosity,python,4,4,0,0,3,2021-03-18T10:18:09.832Z
330,605387a3ba869b0aa71b6291,male,partofcourse,python,2,3,2,1,1,2021-03-18T17:03:23.417Z
331,6053b5b0ba869b0aa71b6b23,female,Other,python,4,4,2,1,1,2021-03-18T20:21:40.609Z
332,6053b6beba869b0aa71b6b33,male,curiosity,python,5,5,2,0,2,2021-03-18T20:25:13.886Z
333,6054bbe9ba869b0aa71b6ead,male,curiosity,python,3,3,4,1,0,2021-03-19T14:59:29.87Z
334,6054f492ba869b0aa71b7014,male,curiosity,python,5,4,3,0,3,2021-03-19T19:03:57.843Z
335,6054f79cba869b0aa71b7032,prefernot,curiosity,r,4,4,2,2,1,2021-03-19T19:13:13.096Z
336,60550163ba869b0aa71b7095,male,jobsearch,python,2,3,2,1,4,2021-03-19T19:57:11.404Z
337,605503a5ba869b0aa71b70ac,male,jobsearch,python,4,4,2,1,1,2021-03-19T20:04:42.268Z
338,60550679ba869b0aa71b70f2,male,curiosity,python,4,2,4,0,4,2021-03-19T20:17:17.866Z
339,60551b9dba869b0aa71b725b,male,jobsearch,python,1,5,1,3,2,2021-03-19T21:47:26.589Z
340,605523ddba869b0aa71b72e4,male,curiosity,python,5,4,3,4,3,2021-03-19T22:28:12.167Z
341,60553978ba869b0aa71b7700,male,jobsearch,python,3,2,2,3,4,2021-03-19T23:54:40.931Z
342,60554e12ba869b0aa71b7719,male,curiosity,python,5,4,2,1,4,2021-03-20T01:22:15.607Z
343,60555e69ba869b0aa71b777a,male,jobsearch,python,5,4,2,1,3,2021-03-20T02:32:03.648Z
344,60556db2ba869b0aa71b7780,male,jobsearch,python,5,5,2,2,3,2021-03-20T03:36:59.355Z
345,60557932ba869b0aa71b778b,male,jobsearch,python,5,3,2,4,4,2021-03-20T04:26:29.071Z
346,60558397ba869b0aa71b7814,male,project,r,4,4,4,2,2,2021-03-20T05:11:42.924Z
347,605585afba869b0aa71b7838,female,jobsearch,python,5,1,1,1,2,2021-03-20T05:20:38.084Z
348,6055886bba869b0aa71b785a,male,curiosity,r,5,4,2,3,4,2021-03-20T05:30:59.063Z
349,6055a699ba869b0aa71b78e8,male,Other,r,5,4,1,3,4,2021-03-20T07:40:00.069Z
350,6055c7bcba869b0aa71b79d3,male,curiosity,python,5,5,2,2,3,2021-03-20T10:01:25.269Z
351,6055eb03ba869b0aa71b7cb7,female,curiosity,python,5,3,2,3,5,2021-03-20T12:31:51.081Z
352,6055fb2bba869b0aa71b8107,male,curiosity,python,5,3,2,1,2,2021-03-20T13:40:49.76Z
353,605606e9ba869b0aa71b8801,male,partofcourse,python,4,4,3,1,2,2021-03-20T14:30:47.139Z
354,60560ae7ba869b0aa71b8932,male,curiosity,r,4,4,2,3,3,2021-03-20T14:49:02.76Z
355,605617d3ba869b0aa71b8ada,male,curiosity,python,4,3,2,0,2,2021-03-20T15:43:44.438Z
356,60561a0eba869b0aa71b8aea,male,partofcourse,python,4,4,2,1,4,2021-03-20T15:52:39.311Z
357,60561d37ba869b0aa71b8afb,female,project,python,4,3,2,4,3,2021-03-20T16:06:16.817Z
358,60562767ba869b0aa71b8b17,male,curiosity,python,4,3,2,1,3,2021-03-20T16:50:42.476Z
359,60562da9ba869b0aa71b8d9a,male,project,python,2,3,4,2,3,2021-03-20T17:16:25.433Z
360,605638d2ba869b0aa71b9090,prefernot,curiosity,python,4,3,0,0,0,2021-03-20T18:04:12.595Z
361,60563e08ba869b0aa71b9221,male,curiosity,python,5,3,4,0,2,2021-03-20T18:26:15.166Z
362,6056492cba869b0aa71b93ad,male,jobsearch,r,5,5,2,2,1,2021-03-20T19:14:26.256Z
363,6056499dba869b0aa71b93e0,male,partofcourse,python,5,5,3,0,3,2021-03-20T19:15:26.253Z
364,60564a87ba869b0aa71b94c9,female,curiosity,python,2,3,4,1,3,2021-03-20T19:20:54.132Z
365,60564ecbba869b0aa71b9627,male,jobsearch,r,5,5,3,2,3,2021-03-20T19:38:10.483Z
366,60564fe1ba869b0aa71b9640,female,partofcourse,python,5,4,2,2,2,2021-03-20T19:43:02.06Z
367,60565047ba869b0aa71b9648,male,curiosity,python,4,3,4,1,3,2021-03-20T19:44:53.136Z
368,6056bc57ba869b0aa71b9923,male,partofcourse,r,3,5,2,1,2,2021-03-21T03:26:58.394Z
369,6056cd01ba869b0aa71b9abb,male,research,python,2,3,3,0,3,2021-03-21T04:36:53.793Z
370,6056ec60ba869b0aa71ba26b,male,curiosity,python,4,4,3,2,3,2021-03-21T06:50:08.03Z
371,60572242ba869b0aa71bd973,male,jobsearch,python,4,3,2,4,1,2021-03-21T10:39:53.143Z
372,60574d71ba869b0aa71bea44,male,project,python,4,2,2,2,2,2021-03-21T13:43:45.363Z
373,6057dd9aba869b0aa71c0386,prefernot,Other,python,5,3,3,0,3,2021-03-21T23:59:42.195Z
374,6057f3e1ba869b0aa71c057c,male,jobsearch,python,5,2,4,1,2,2021-03-22T01:34:17.7Z
375,60584643ba869b0aa71c06b5,male,curiosity,python,5,3,1,3,3,2021-03-22T07:25:43.399Z
376,60584643ba869b0aa71c06b5,male,curiosity,python,5,3,1,3,3,2021-03-22T07:25:43.511Z
377,60584643ba869b0aa71c06b5,male,curiosity,python,5,3,1,3,3,2021-03-22T07:25:43.613Z
378,60589795ba869b0aa71c0adf,male,jobsearch,r,4,4,2,4,4,2021-03-22T13:12:47.24Z
379,6058a23dba869b0aa71c0ca0,male,curiosity,python,5,4,2,2,2,2021-03-22T13:58:09.562Z
380,6058c174ba869b0aa71c1807,prefernot,curiosity,python,5,4,0,3,2,2021-03-22T16:12:29.706Z
381,6058a23dba869b0aa71c0ca0,male,curiosity,python,5,4,2,2,2,2021-03-22T16:13:31.448Z
382,6058e089ba869b0aa71c2282,male,curiosity,python,3,3,2,0,2,2021-03-22T18:24:32.982Z
383,6058edf0ba869b0aa71c22b1,male,jobsearch,python,5,4,2,2,3,2021-03-22T19:20:51.881Z
384,60593fc2ba869b0aa71c3ab9,male,curiosity,r,3,5,4,3,0,2021-03-23T01:10:57.437Z
385,60599fc0ba869b0aa71c4e4b,other,curiosity,python,3,3,1,0,0,2021-03-23T08:03:07.79Z
386,60599fc0ba869b0aa71c4e4b,other,curiosity,python,3,3,0,0,0,2021-03-23T08:08:51.788Z
387,6059c097ba869b0aa71c5d13,male,jobsearch,r,4,5,2,3,4,2021-03-23T10:20:16.362Z
388,6059eacbba869b0aa71c6501,male,partofcourse,python,4,4,2,1,4,2021-03-23T13:20:11.898Z
389,605a069bba869b0aa71c6a5b,male,jobsearch,python,5,3,4,1,0,2021-03-23T15:19:16.834Z
390,605a1e72ba869b0aa71c71de,prefernot,curiosity,python,4,5,0,3,3,2021-03-23T17:00:24.695Z
391,605a21e9ba869b0aa71c728f,male,curiosity,python,4,3,2,2,4,2021-03-23T17:15:01.321Z
392,605a5ca1ba869b0aa71c848f,male,curiosity,r,4,4,3,4,4,2021-03-23T21:26:07.379Z
393,605a8e77ba869b0aa71c84a8,male,curiosity,r,4,2,1,3,0,2021-03-24T00:58:06.753Z
394,605a99a9ba869b0aa71c84b3,male,curiosity,python,5,3,3,3,3,2021-03-24T01:46:07.839Z
395,605ae71fba869b0aa71c860f,male,curiosity,python,3,3,4,0,4,2021-03-24T07:16:40.608Z
396,605aecceba869b0aa71c863f,prefernot,ebook,python,4,4,3,4,4,2021-03-24T07:41:17.913Z
397,605b2938ba869b0aa71c9505,male,curiosity,python,3,5,0,3,4,2021-03-24T11:59:03.101Z
398,605b2cdaba869b0aa71c950f,male,curiosity,python,5,4,2,1,2,2021-03-24T12:14:51.338Z
399,605c3c3dba869b0aa71cda5a,male,project,python,5,4,4,3,5,2021-03-25T07:32:11.526Z
400,605c4db5ba869b0aa71cde48,female,curiosity,python,4,4,2,1,1,2021-03-25T08:48:02.812Z
401,605cdb29ba869b0aa71d1034,female,jobsearch,python,4,4,3,2,4,2021-03-25T18:51:15.248Z
402,605cfabeba869b0aa71d1161,male,curiosity,python,2,4,2,1,4,2021-03-25T21:07:13.46Z
403,605d2c28ba869b0aa71d1186,female,jobsearch,python,5,1,2,2,3,2021-03-26T00:36:14.35Z
404,605dc9a5ba869b0aa71d2b29,male,curiosity,python,4,4,2,0,3,2021-03-26T11:48:05.701Z
405,605e2865ba869b0aa71d30f0,male,project,python,5,1,4,0,3,2021-03-26T18:31:57.85Z
406,605e8a70ba869b0aa71d31bc,male,curiosity,python,5,3,2,2,3,2021-03-27T01:38:26.066Z
407,605ed2cbba869b0aa71d355b,male,curiosity,python,5,3,3,1,3,2021-03-27T06:38:51.056Z
408,605ed3a9ba869b0aa71d35cb,female,jobsearch,python,1,0,2,0,0,2021-03-27T06:42:04.348Z
409,605eda49ba869b0aa71d373e,male,jobsearch,python,4,4,2,0,2,2021-03-27T07:13:18.394Z
410,605f1e7fba869b0aa71d3ac9,male,jobsearch,python,5,4,2,4,3,2021-03-27T12:04:45.81Z
411,605fcd68ba869b0aa71d3d65,male,curiosity,python,5,4,4,1,4,2021-03-28T00:28:20.512Z
412,605fe289ba869b0aa71d3e08,female,jobsearch,python,5,2,3,0,2,2021-03-28T01:58:47.75Z
413,60608252ba869b0aa71d499c,male,curiosity,python,5,3,1,2,5,2021-03-28T13:20:33.491Z
414,6060ddf8ba869b0aa71d55b5,female,project,python,1,4,3,1,5,2021-03-28T19:51:18.778Z
415,6060de22ba869b0aa71d55b8,female,jobsearch,python,4,3,2,2,0,2021-03-28T19:53:28.041Z
416,60612c88ba869b0aa71d6f47,male,curiosity,python,4,2,5,1,3,2021-03-29T01:29:29.316Z
417,606178bcba869b0aa71d74ab,female,Other,python,4,4,2,3,4,2021-03-29T06:51:20.846Z
418,6061e1d4ba869b0aa71d7caa,female,partofcourse,python,5,4,4,1,1,2021-03-29T14:21:12.929Z
419,6062263dba869b0aa71d7ef9,female,partofcourse,python,4,4,2,1,1,2021-03-29T19:12:39.742Z
420,6062ca02ba869b0aa71d8745,male,partofcourse,python,5,2,2,3,0,2021-03-30T06:51:34.421Z
421,6062cd31ba869b0aa71d8994,male,partofcourse,python,4,4,3,3,3,2021-03-30T07:04:28.068Z
422,606302afba869b0aa71d8ae4,male,curiosity,python,5,4,2,4,3,2021-03-30T10:52:37.734Z
423,60631f96ba869b0aa71d8f4b,female,partofcourse,python,2,3,4,0,0,2021-03-30T12:57:06.89Z
424,60633ce7ba869b0aa71d92e4,male,partofcourse,python,5,5,2,4,2,2021-03-30T15:01:05.224Z
425,60638ea0ba869b0aa71d9f95,male,partofcourse,python,4,4,2,0,2,2021-03-30T20:49:31.66Z
426,60645762ba869b0aa71db831,male,curiosity,python,1,4,2,2,4,2021-03-31T11:07:02.45Z
427,60652e90ba869b0aa71df5e7,female,research,python,5,4,1,0,0,2021-04-01T02:24:34.539Z
428,6066401aba869b0aa71e11dd,female,partofcourse,r,4,4,2,1,1,2021-04-01T21:52:23.021Z
429,60669c89e1dff50acdb84e94,male,curiosity,python,5,4,1,3,4,2021-04-02T04:25:54.298Z
430,6066a250e1dff50acdb84e9c,male,research,r,5,2,1,1,4,2021-04-02T04:50:15.568Z
431,60671206e1dff50acdb85523,male,project,python,5,3,2,0,3,2021-04-02T12:47:49.099Z
432,6067bc02e1dff50acdb85574,female,curiosity,python,5,3,0,0,3,2021-04-03T00:51:54.061Z
433,60689853e1dff50acdb855c3,female,jobsearch,python,4,3,3,1,2,2021-04-03T16:32:29.429Z
434,6068cbbde1dff50acdb8585f,female,curiosity,python,4,4,2,0,4,2021-04-03T20:14:12.109Z
435,606970c9e1dff50acdb86754,male,curiosity,python,2,2,2,0,2,2021-04-04T07:57:00.569Z
436,60697567e1dff50acdb86796,prefernot,project,python,4,2,2,1,3,2021-04-04T08:15:44.523Z
437,6069905fe1dff50acdb867f0,female,jobsearch,python,0,0,0,0,0,2021-04-04T10:10:11.083Z
438,606a7e96e1dff50acdb88999,male,project,python,5,4,2,1,4,2021-04-05T03:23:06.399Z
439,606aef3ae1dff50acdb88a99,male,curiosity,python,0,0,0,0,0,2021-04-05T11:07:20.886Z
440,606b17f0e1dff50acdb88f47,male,curiosity,python,5,4,3,4,4,2021-04-05T14:03:14.952Z
441,606b4911e1dff50acdb8983d,female,partofcourse,python,5,4,4,1,4,2021-04-05T17:31:03.897Z
442,606b527ae1dff50acdb89cc1,male,partofcourse,python,5,4,4,1,0,2021-04-05T18:11:12.602Z
443,606b7563e1dff50acdb8ab1f,male,partofcourse,python,5,3,2,0,4,2021-04-05T20:40:23.35Z
444,606b7a47e1dff50acdb8ac03,male,partofcourse,python,5,4,0,0,2,2021-04-05T21:00:34.39Z
445,606bed1de1dff50acdb8e41b,female,project,python,5,4,4,0,4,2021-04-06T05:10:50.033Z
446,606c141be1dff50acdb8e4a4,male,partofcourse,python,5,4,3,1,3,2021-04-06T07:57:19.968Z
447,606c48eae1dff50acdb8ec4d,male,partofcourse,python,5,5,3,0,4,2021-04-06T11:43:25.528Z
448,606c6909e1dff50acdb8ecd9,female,partofcourse,python,5,3,2,0,0,2021-04-06T13:59:05.929Z
449,606c6abae1dff50acdb8ecf4,male,partofcourse,python,3,3,2,0,3,2021-04-06T14:07:24.28Z
450,606c6ad1e1dff50acdb8ecf8,female,partofcourse,python,5,4,2,0,1,2021-04-06T14:08:28.191Z
451,606c6e52e1dff50acdb8ed41,male,partofcourse,python,5,3,3,1,2,2021-04-06T14:21:58.908Z
452,606c7099e1dff50acdb8ed5d,female,partofcourse,python,5,5,3,1,4,2021-04-06T14:31:54.362Z
453,606c70e2e1dff50acdb8ed79,male,partofcourse,python,5,3,3,0,4,2021-04-06T14:33:10.487Z
454,606c70d8e1dff50acdb8ed72,male,partofcourse,python,5,3,5,1,0,2021-04-06T14:33:18.079Z
455,606c70dbe1dff50acdb8ed76,male,partofcourse,python,5,4,2,0,2,2021-04-06T14:33:38.962Z
456,606c70d0e1dff50acdb8ed6e,female,partofcourse,python,0,0,0,0,0,2021-04-06T14:36:48.548Z
457,606c71e1e1dff50acdb8ede1,male,partofcourse,python,3,2,2,1,2,2021-04-06T14:37:12.468Z
458,606c71f7e1dff50acdb8ede5,male,partofcourse,python,4,3,3,1,3,2021-04-06T14:38:31.843Z
459,606c72b1e1dff50acdb8ef34,male,partofcourse,python,0,2,0,0,4,2021-04-06T14:40:31.558Z
460,606c730de1dff50acdb8efd0,male,partofcourse,python,5,4,1,0,0,2021-04-06T14:42:46.92Z
461,606c7313e1dff50acdb8efd4,male,partofcourse,python,5,3,3,1,0,2021-04-06T14:43:16.416Z
462,606c7441e1dff50acdb8f2a1,male,Other,python,4,4,5,1,2,2021-04-06T14:47:36.228Z
463,606c7619e1dff50acdb8fb02,male,partofcourse,python,5,3,1,0,0,2021-04-06T14:56:40.043Z
464,606c8fc3e1dff50acdb934b7,male,partofcourse,python,5,3,1,0,4,2021-04-06T16:45:27.859Z
465,606c993fe1dff50acdb94232,male,curiosity,python,3,5,1,3,4,2021-04-06T17:25:39.608Z
466,606c9965e1dff50acdb94283,female,partofcourse,python,5,2,2,0,3,2021-04-06T17:25:41.552Z
467,606d90f7e1dff50acdb9545a,male,partofcourse,python,5,3,3,2,3,2021-04-07T11:02:05.47Z
468,606dcf3ce1dff50acdb976ad,male,partofcourse,python,2,4,2,0,3,2021-04-07T15:28:01.336Z
469,606ef081e1dff50acdb9adf8,male,jobsearch,python,3,2,3,0,2,2021-04-08T12:02:03.516Z
470,606f05f3e1dff50acdb9b10a,male,partofcourse,python,5,2,1,0,0,2021-04-08T13:34:05.581Z
471,606f7a33e1dff50acdb9bb53,male,curiosity,python,4,2,2,1,2,2021-04-08T21:50:01.667Z
472,606f8d92e1dff50acdb9bdb3,male,jobsearch,python,4,4,1,1,3,2021-04-08T23:16:25.35Z
473,606f8d92e1dff50acdb9bdb3,male,jobsearch,python,4,4,1,1,3,2021-04-08T23:16:25.729Z
474,606f8d92e1dff50acdb9bdb3,male,jobsearch,python,4,4,1,1,3,2021-04-08T23:16:26.35Z
475,60703a6be1dff50acdb9be60,male,partofcourse,python,5,3,4,1,1,2021-04-09T11:29:49.956Z
476,60705318e1dff50acdb9be8b,female,curiosity,r,4,3,2,3,3,2021-04-09T13:15:11.319Z
477,6070759be1dff50acdb9bf38,female,curiosity,python,5,5,1,5,4,2021-04-09T15:41:57.422Z
478,607161e8e1dff50acdb9c3c2,male,curiosity,r,5,4,4,0,3,2021-04-10T08:32:33.403Z
479,60716c5ce1dff50acdb9c3e6,male,curiosity,python,4,5,3,1,3,2021-04-10T09:18:06.382Z
480,6071c659e1dff50acdb9c446,prefernot,Other,r,4,3,2,3,3,2021-04-10T15:38:35.555Z
481,6071f2eee1dff50acdb9c63e,female,curiosity,python,3,4,2,1,1,2021-04-10T18:50:56.577Z
482,6072b49ae1dff50acdb9cca4,female,partofcourse,python,5,3,1,1,3,2021-04-11T08:35:24.314Z
483,6072f6f6e1dff50acdb9d1c6,male,jobsearch,python,5,5,2,1,3,2021-04-11T13:18:32.531Z
484,607314dce1dff50acdb9d355,male,curiosity,python,5,2,4,1,3,2021-04-11T15:26:44.755Z
485,6074c9b3e1dff50acdb9e161,male,curiosity,python,4,4,2,3,3,2021-04-12T22:31:28.619Z
486,6074ca0ce1dff50acdb9e164,male,curiosity,python,5,4,2,2,4,2021-04-12T22:32:20.804Z
487,60754804e1dff50acdb9e264,male,jobsearch,python,5,3,2,3,3,2021-04-13T07:28:56.393Z
488,607594e5e1dff50acdb9e280,male,curiosity,python,0,0,0,0,0,2021-04-13T12:56:37.889Z
489,6078922ae1dff50acdba00e4,prefernot,ebook,python,4,2,2,4,4,2021-04-15T19:22:16.834Z
490,60795988e1dff50acdba0100,male,curiosity,r,5,4,0,5,3,2021-04-16T09:34:03.749Z
491,6079aa99e1dff50acdba0324,prefernot,curiosity,python,4,4,1,0,2,2021-04-16T15:19:09.057Z
492,6079ae18e1dff50acdba03d5,male,curiosity,python,4,4,1,1,2,2021-04-16T15:33:51.194Z
493,607a4143e1dff50acdba0b05,male,curiosity,python,5,2,2,1,1,2021-04-17T02:01:33.249Z
494,607aa39ee1dff50acdba0b12,male,ebook,python,5,4,2,2,3,2021-04-17T09:01:54.412Z
495,607bf57ae1dff50acdba0b27,female,jobsearch,r,4,2,1,2,4,2021-04-18T09:02:40.227Z
496,607c3449e1dff50acdba0b30,male,curiosity,python,5,4,1,0,1,2021-04-18T13:30:57.064Z
497,607c6535e1dff50acdba0b81,female,jobsearch,r,0,0,0,0,0,2021-04-18T16:59:14.52Z
498,607cb5a5e1dff50acdba0c94,female,curiosity,python,5,4,2,1,1,2021-04-18T22:43:19.985Z
499,607d3d84e1dff50acdba0ca2,male,curiosity,python,4,5,3,0,3,2021-04-19T08:22:29.997Z
500,607dbfe1e1dff50acdba14c9,male,jobsearch,python,4,4,3,1,3,2021-04-19T17:39:41.201Z
501,607e8f45e1dff50acdba1541,male,curiosity,python,5,5,2,1,0,2021-04-20T08:24:22.333Z
502,6080076ae1dff50acdba1ba5,male,jobsearch,r,5,4,2,3,0,2021-04-21T11:09:34.405Z
503,608067d4e1dff50acdba29cd,male,curiosity,python,4,4,1,3,3,2021-04-21T17:59:53.889Z
504,60806cf2e1dff50acdba2a77,male,project,python,5,1,0,3,4,2021-04-21T18:21:28.959Z
505,6080bd8ce1dff50acdba2b64,male,curiosity,python,5,0,3,4,3,2021-04-22T00:05:22.094Z
506,6083ef86e1dff50acdba3e43,male,research,r,4,4,3,2,2,2021-04-24T10:16:28.291Z
507,608583bae1dff50acdba3eeb,female,ebook,python,4,4,2,3,4,2021-04-25T15:00:23.982Z
508,608720dae1dff50acdba42f7,male,curiosity,python,3,3,2,1,3,2021-04-26T20:23:25.498Z
509,6088c26ce1dff50acdba476e,male,Other,python,5,3,2,3,3,2021-04-28T02:04:20.842Z
510,60891dd5e1dff50acdba4788,male,jobsearch,python,4,5,2,1,3,2021-04-28T08:34:27.556Z
511,6089fe86e1dff50acdba4817,male,research,r,2,4,2,3,0,2021-04-29T00:34:07.725Z
512,608a092ce1dff50acdba4823,female,project,python,3,4,3,1,0,2021-04-29T01:18:44.005Z
513,608b230ce1dff50acdba48d3,male,curiosity,python,5,2,2,1,1,2021-04-29T21:21:25.755Z
514,608bec4ce1dff50acdba493c,female,curiosity,python,3,4,2,1,4,2021-04-30T11:43:36.624Z
515,608c956fe1dff50acdba4958,male,project,python,2,3,2,1,2,2021-04-30T23:42:08.269Z
516,608c9d49e1dff50acdba4969,male,curiosity,python,4,3,2,0,1,2021-05-01T00:15:01.981Z
517,608d0830e1dff50acdba4a76,prefernot,partofcourse,python,2,2,2,2,4,2021-05-01T07:51:13.125Z
518,608d1576e1dff50acdba4c47,male,jobsearch,python,3,3,3,3,3,2021-05-01T08:47:15.452Z
519,608d41b3e1dff50acdba68b2,male,project,python,5,4,1,0,0,2021-05-01T11:56:38.953Z
520,6091ae07e1dff50acdba9730,male,project,python,2,5,4,1,2,2021-05-04T20:34:34.73Z
521,609264d4e1dff50acdba9bf0,female,curiosity,python,3,2,0,2,3,2021-05-05T09:27:58.411Z
522,60926c8ce1dff50acdba9caf,male,curiosity,python,5,5,1,1,1,2021-05-05T10:01:41.76Z
523,6092d3e0e1dff50acdba9d03,female,curiosity,r,5,4,2,3,2,2021-05-05T17:21:36.766Z
524,6092e500e1dff50acdbaa5fd,male,curiosity,python,3,4,4,4,2,2021-05-06T09:45:08.203Z
525,6093dea9e1dff50acdbac132,male,jobsearch,python,5,5,2,4,4,2021-05-06T12:20:21.979Z
526,60942f10e1dff50acdbac164,female,curiosity,python,4,4,1,4,4,2021-05-06T18:03:34.958Z
527,60943504e1dff50acdbac18e,female,curiosity,r,4,4,4,4,4,2021-05-06T18:27:45.611Z
528,6095cc43d35efd0ab8825574,male,curiosity,python,5,3,2,1,4,2021-05-07T23:25:58.777Z
529,6095cf81d35efd0ab88255cd,male,project,python,2,2,2,2,3,2021-05-07T23:39:53.339Z
530,60962a3dd35efd0ab8825803,male,curiosity,python,4,4,2,2,3,2021-05-08T06:07:09.421Z
531,609910d0d35efd0ab8825823,male,jobsearch,python,2,3,2,1,4,2021-05-10T10:55:01.777Z
532,6099392ad35efd0ab8825886,prefernot,Other,python,1,0,0,0,0,2021-05-10T13:47:04.481Z
533,609943b2d35efd0ab88258df,male,project,python,4,4,3,3,3,2021-05-10T14:39:36.988Z
534,609acc29d35efd0ab8825aec,prefernot,partofcourse,r,4,4,2,1,1,2021-05-11T18:26:16.744Z
535,609acceed35efd0ab8825af6,prefernot,partofcourse,python,0,0,0,0,0,2021-05-11T18:29:15.469Z
536,609ae9bdd35efd0ab8825afc,male,jobsearch,python,4,4,2,3,3,2021-05-11T20:33:23.38Z
537,609aff10d35efd0ab8825b01,male,curiosity,python,5,3,2,3,5,2021-05-11T22:04:34.824Z
538,609cbf9cd35efd0ab8825e86,male,jobsearch,r,5,5,3,2,2,2021-05-13T05:57:24.445Z
539,609d46f3d35efd0ab8825efd,male,curiosity,python,4,3,4,1,3,2021-05-13T15:37:31.753Z
540,609e2e67d35efd0ab8825f61,female,jobsearch,python,4,4,2,1,1,2021-05-14T08:02:57.052Z
541,609f7d3fd35efd0ab8825f94,male,curiosity,python,4,4,2,0,3,2021-05-15T07:51:44.592Z
542,609fdad9d35efd0ab8825fae,male,jobsearch,python,5,3,3,1,0,2021-05-15T14:31:30.151Z
543,60a00c38d35efd0ab8825ffd,male,curiosity,python,5,4,2,0,4,2021-05-15T18:01:41.197Z
544,60a078aed35efd0ab8826010,male,project,r,4,5,1,4,3,2021-05-16T01:44:18.376Z
545,60a0ea59d35efd0ab882615f,male,curiosity,python,5,3,2,3,4,2021-05-16T09:49:13.028Z
546,60a123d8d35efd0ab8826169,male,curiosity,python,3,3,2,1,3,2021-05-16T13:55:04.219Z
547,60a15dc3d35efd0ab882623a,male,curiosity,python,4,3,2,3,4,2021-05-16T18:02:15.039Z
548,60a59b23d35efd0ab88262be,prefernot,Other,python,0,0,0,0,0,2021-05-19T23:12:08.293Z
549,60a91d26d35efd0ab882663d,male,jobsearch,python,3,4,3,0,3,2021-05-22T15:05:15.45Z
550,60a9808bd35efd0ab882679c,male,curiosity,python,5,4,3,1,3,2021-05-22T22:08:04.683Z
551,60ad2545d35efd0ab8826a9d,female,project,python,4,2,2,2,3,2021-05-25T16:27:57.686Z
552,6091ee3be1dff50acdba9b9c,female,partofcourse,python,4,3,1,3,2,2021-05-27T04:03:44.048Z
553,60afa7e2d35efd0ab8826e25,male,jobsearch,python,5,5,2,2,3,2021-05-27T14:10:03.326Z
554,60b1882bd35efd0ab8827351,male,project,python,4,5,2,3,2,2021-05-29T00:18:57.99Z
555,60b29329d35efd0ab8827377,male,curiosity,python,1,4,2,1,2,2021-05-29T19:18:10.675Z
556,60b38a7cd35efd0ab8827383,male,curiosity,python,5,4,0,3,4,2021-05-30T12:52:43.972Z
557,60b3e4efd35efd0ab882738d,male,curiosity,python,4,4,1,0,4,2021-05-30T19:19:49.384Z
558,60b3f5a7d35efd0ab882739e,male,curiosity,python,4,3,3,4,2,2021-05-30T20:31:13.615Z
559,60b438bad35efd0ab8827d95,male,curiosity,r,5,5,2,4,3,2021-05-31T01:23:20.435Z
560,60b5a1fcd35efd0ab88285c8,male,curiosity,python,5,0,1,0,0,2021-06-01T12:37:25.504Z
