data_types,dataframes,functions,indexing,interactive,logical_operators,matrices,multiline,participant
true,true,true,true,true,true,true,true,600f09d9db5b643e9ca053dc
true,true,false,true,false,false,true,true,60100202db5b643e9ca05429
false,false,false,false,false,false,false,false,60106245db5b643e9ca0542f
true,false,true,true,true,true,false,true,6010ea6bdb5b643e9ca05461
true,false,true,true,false,true,false,true,60112d18db5b643e9ca05469
true,false,true,false,false,true,true,true,601146dadb5b643e9ca054e5
false,false,false,false,false,false,false,false,60114dc2db5b643e9ca054ed
true,false,false,false,false,true,false,false,6011a3fedb5b643e9ca06099
true,true,true,true,true,true,true,true,601275c1db5b643e9ca060b4
false,false,false,false,false,false,false,false,60129cbddb5b643e9ca06877
false,true,false,false,false,false,false,false,6014329e8a8fb97c0541f5d3
true,true,true,true,true,true,true,true,601587f68a8fb97c0541f607
false,false,false,false,false,false,false,false,60183c718a8fb97c054205c6
false,true,false,true,false,true,false,false,60185e4ef8a80c12afba1014
true,true,true,true,true,true,false,true,60189491f8a80c12afba2143
false,false,false,false,false,false,false,false,6018f043f8a80c12afba2160
true,false,true,false,true,true,false,true,6018f3bcf8a80c12afba2189
true,false,true,true,true,true,false,true,6018f3b6f8a80c12afba2184
true,true,true,true,true,true,true,true,6018f495f8a80c12afba21aa
false,true,false,false,true,true,false,true,6018f3a9f8a80c12afba217e
false,true,false,false,false,true,false,false,6018f517f8a80c12afba21c8
true,true,true,true,true,true,true,true,6018f4c5f8a80c12afba21b9
true,true,false,false,false,true,false,true,6018f44df8a80c12afba219c
true,false,false,false,true,true,false,false,6018f56af8a80c12afba21e0
true,true,true,true,true,true,true,true,6018f495f8a80c12afba21aa
true,false,false,true,false,true,false,false,6018f410f8a80c12afba2194
false,false,true,false,true,true,false,true,6018f4bbf8a80c12afba21b3
true,false,true,true,true,true,true,true,6018f5fff8a80c12afba2201
false,false,false,false,true,true,false,false,6018f660f8a80c12afba2217
true,false,true,false,true,true,false,true,6018f5fff8a80c12afba2201
true,true,true,true,true,true,true,true,6018f660f8a80c12afba2217
true,false,false,false,true,true,false,false,6018f660f8a80c12afba2217
false,false,false,false,false,false,false,false,6018f6a1f8a80c12afba223b
true,false,true,false,true,true,false,true,6018f5fef8a80c12afba21ff
true,false,true,true,true,true,false,true,6018f723f8a80c12afba2369
true,false,true,true,true,true,false,true,6018f733f8a80c12afba2374
true,true,true,true,false,true,true,true,6018f7bbf8a80c12afba2406
false,false,false,false,false,false,false,false,6018f697f8a80c12afba2235
true,false,true,true,false,true,false,true,6018f7b8f8a80c12afba2403
true,true,true,true,false,true,true,true,6018f7bbf8a80c12afba2406
true,false,true,true,true,true,false,true,6018f5a0f8a80c12afba21ec
true,false,true,true,true,true,false,true,6018f8bbf8a80c12afba253f
false,false,false,false,false,false,false,false,6018f9d4f8a80c12afba2793
false,false,false,false,false,false,false,false,6018f660f8a80c12afba2217
false,false,false,false,false,false,false,false,6018f6ebf8a80c12afba227b
false,false,false,false,false,false,false,true,6018fb2ef8a80c12afba2993
false,false,false,false,false,false,true,false,6018fb66f8a80c12afba2a0e
true,false,true,true,false,true,false,false,6018fd16f8a80c12afba2cd5
false,false,false,false,true,false,false,false,6018fb66f8a80c12afba2a0e
false,false,false,false,false,false,false,true,6018fb66f8a80c12afba2a0e
false,false,false,false,true,false,false,false,6018fd6ef8a80c12afba2d4f
false,false,false,false,true,false,false,false,6018fd6ef8a80c12afba2d4f
false,false,false,false,true,false,false,false,6018fd6ef8a80c12afba2d4f
false,false,false,false,true,false,false,false,6018fd6ef8a80c12afba2d4f
false,false,false,false,false,false,false,false,6018fe8ff8a80c12afba2fa8
false,false,false,false,false,false,false,false,6018f6f3f8a80c12afba2286
false,false,false,false,false,false,false,false,6018f6f3f8a80c12afba2286
true,true,true,true,true,true,true,true,6018f6f3f8a80c12afba2286
true,false,false,true,false,true,true,false,6018fd31f8a80c12afba2cf5
true,false,true,false,false,true,false,false,6018f517f8a80c12afba21c8
false,false,false,false,false,true,true,false,60190373f8a80c12afba3a90
true,false,false,false,false,true,false,false,6018f517f8a80c12afba21c8
false,false,false,false,true,false,false,false,60190c05f8a80c12afba4a8f
false,false,false,false,true,false,false,false,60190c05f8a80c12afba4a8f
false,false,false,false,true,false,false,false,60190c05f8a80c12afba4a8f
false,false,false,false,true,false,false,false,60190c05f8a80c12afba4a8f
false,false,false,false,true,false,false,false,60190c05f8a80c12afba4a8f
false,false,false,false,true,false,false,false,60190c05f8a80c12afba4a8f
false,false,false,false,false,false,true,false,60190c05f8a80c12afba4a8f
false,false,false,false,true,false,false,false,60190c05f8a80c12afba4a8f
false,false,false,false,true,false,false,false,6018fb2ef8a80c12afba2993
false,false,true,false,true,true,false,false,6018fb2ef8a80c12afba2993
true,true,true,true,true,true,true,true,6019105cf8a80c12afba53d7
false,false,false,true,false,false,true,false,6019112df8a80c12afba553a
false,false,false,false,false,false,false,false,6019112df8a80c12afba553a
false,false,false,false,false,false,false,false,60191b55f8a80c12afba6660
false,false,false,true,true,true,true,false,60191b2af8a80c12afba6602
true,false,false,false,false,false,false,false,6019238ff8a80c12afba7fc0
true,false,false,false,false,false,false,false,6019238ff8a80c12afba7fc0
true,false,false,false,false,false,false,false,6019238ff8a80c12afba7fc0
true,true,true,true,true,true,true,true,6019249ff8a80c12afba840b
true,false,true,false,false,true,false,false,601924caf8a80c12afba853f
false,false,false,false,false,false,false,false,601924f2f8a80c12afba8654
false,false,false,false,false,false,false,false,601924e3f8a80c12afba85d6
false,true,false,false,false,false,false,false,601924edf8a80c12afba861d
false,true,false,true,true,false,true,false,60192506f8a80c12afba8709
false,true,true,false,false,false,true,false,6019252af8a80c12afba8755
false,true,false,false,false,false,false,false,60192601f8a80c12afba8aa9
false,true,false,false,false,false,false,false,601925def8a80c12afba8a6a
false,false,true,false,false,false,false,false,601925c8f8a80c12afba89d6
false,false,true,false,false,true,false,false,601925c8f8a80c12afba89d6
true,false,false,false,true,true,false,true,60192531f8a80c12afba8766
true,false,false,false,true,true,false,true,60192531f8a80c12afba8766
false,false,false,false,false,true,false,false,60192610f8a80c12afba8ad7
false,false,false,false,false,false,false,false,60192531f8a80c12afba8766
false,false,false,false,false,false,false,false,60192531f8a80c12afba8766
false,false,false,false,false,false,false,false,60192582f8a80c12afba892c
false,true,false,true,false,false,true,false,6019268bf8a80c12afba8d22
false,true,false,false,false,false,true,false,601926a6f8a80c12afba8dda
false,false,false,false,false,false,false,false,601926c6f8a80c12afba8eaa
false,true,false,false,false,true,true,false,601925eff8a80c12afba8a91
false,true,false,false,false,false,true,false,60192799f8a80c12afba9199
false,false,false,false,false,false,false,false,601927c8f8a80c12afba9261
false,false,false,false,false,false,true,false,601927cbf8a80c12afba9277
true,true,true,true,true,true,true,true,6019275ff8a80c12afba906a
false,false,false,true,true,true,false,true,601927dbf8a80c12afba9299
true,false,false,false,false,true,false,false,601927d2f8a80c12afba9286
false,true,false,false,false,true,false,false,6019281bf8a80c12afba93fa
false,true,false,false,false,false,true,false,60192845f8a80c12afba9525
true,false,true,true,true,true,true,true,60192885f8a80c12afba9672
true,true,false,true,false,true,true,false,601928dff8a80c12afba988d
false,false,false,false,false,false,false,false,60192904f8a80c12afba994e
false,true,false,false,false,false,false,false,601928eef8a80c12afba98e0
false,true,false,false,false,false,false,false,6019291bf8a80c12afba99cf
false,true,false,false,true,false,false,false,60192601f8a80c12afba8aaa
false,false,false,false,false,false,false,false,60192a0cf8a80c12afbaa0b1
false,true,true,false,false,true,true,false,60192a03f8a80c12afbaa059
false,false,false,false,false,false,false,false,60192a78f8a80c12afbaa48e
false,false,false,false,false,true,false,false,60193056f8a80c12afbad1c3
true,false,true,false,false,true,false,false,601926b1f8a80c12afba8dfb
false,true,false,false,false,false,true,false,601926b1f8a80c12afba8dfb
true,false,true,false,true,true,false,true,60193331f8a80c12afbaedd5
false,false,false,false,false,false,false,false,601933bcf8a80c12afbaf2c7
false,true,false,false,false,false,false,false,60193a1cf8a80c12afbb4284
true,false,false,false,true,true,false,false,60193afaf8a80c12afbb512d
false,false,false,false,false,false,false,false,601933bcf8a80c12afbaf2c7
false,false,false,false,false,false,false,false,60193eb6f8a80c12afbb727e
false,true,true,false,false,true,true,false,60193c10f8a80c12afbb6286
false,true,true,false,false,true,true,false,60193c10f8a80c12afbb6286
true,false,true,false,true,true,false,true,60194527f8a80c12afbba1bf
true,false,true,false,false,false,false,true,6019525cf8a80c12afbbe535
false,false,false,false,false,false,true,false,60190285f8a80c12afba38a3
false,true,false,false,false,false,false,false,60190285f8a80c12afba38a3
false,false,false,false,false,false,false,false,60195993f8a80c12afbc0b90
true,true,true,true,true,true,true,true,60195e7df8a80c12afbc1d74
true,true,true,true,true,true,true,true,60195e7df8a80c12afbc1d74
true,true,true,true,true,true,true,true,60195e7df8a80c12afbc1d74
true,true,true,true,true,true,true,true,60195e7df8a80c12afbc1d74
true,true,true,true,true,true,true,true,60195e7df8a80c12afbc1d74
true,true,true,true,true,true,true,true,60195e7df8a80c12afbc1d74
false,false,true,false,false,false,false,true,601961ddf8a80c12afbc2b4d
true,false,true,false,false,true,false,true,601961ddf8a80c12afbc2b4d
false,false,false,false,false,false,false,false,601963bff8a80c12afbc316c
false,false,false,false,false,false,false,false,60196af9f8a80c12afbc4bac
false,true,false,false,false,false,false,false,60197a63f8a80c12afbc88ad
true,true,true,true,true,true,true,true,60197c36f8a80c12afbc9093
false,false,false,false,false,false,false,true,60198289f8a80c12afbcab0c
true,false,false,false,false,true,false,true,6019a87df8a80c12afbd4ecd
false,false,false,false,false,false,false,false,601a16cef8a80c12afbd712f
false,false,false,false,false,false,false,false,601a2f32f8a80c12afbd93a0
true,false,true,false,false,true,false,true,601a28e1f8a80c12afbd8c2d
true,true,true,true,true,true,true,true,601a3a2ef8a80c12afbda079
false,false,true,false,false,false,true,false,6019290ff8a80c12afba996f
false,false,false,false,false,false,true,false,601a9107f8a80c12afbdcee7
true,true,true,true,true,true,true,true,601a996df8a80c12afbdd1cf
true,false,false,false,true,true,false,true,601a9ad7f8a80c12afbdd249
true,true,true,false,true,true,false,true,601a9cdbf8a80c12afbdd286
true,true,true,true,true,true,true,true,601a9ebcf8a80c12afbdd295
true,true,true,true,true,true,true,true,601aab34f8a80c12afbdd684
true,true,true,true,true,true,true,true,601ab97df8a80c12afbddd65
false,false,false,false,false,false,false,false,601ad24ff8a80c12afbdde77
true,true,true,true,true,true,true,true,601b75cbf8a80c12afbde5a5
true,true,true,true,true,true,true,true,601b76e2f8a80c12afbde5be
true,true,true,true,true,true,true,true,601b8f72f8a80c12afbde80a
false,false,false,false,false,false,false,false,601ba4acf8a80c12afbdee12
true,false,true,false,false,true,false,false,601beec0f8a80c12afbe12ac
false,false,false,false,false,false,false,false,601bfddcf8a80c12afbe1762
true,false,true,true,true,true,false,true,601c0016f8a80c12afbe1810
false,false,false,false,false,false,false,false,601c005ef8a80c12afbe185c
true,false,false,true,false,false,true,false,601c0052f8a80c12afbe1858
true,false,true,true,true,true,true,true,601c0004f8a80c12afbe1803
false,false,false,false,false,false,false,false,601c005ff8a80c12afbe185f
false,true,false,false,true,false,false,true,601c0036f8a80c12afbe1824
false,true,true,false,false,false,true,false,601c0011f8a80c12afbe180d
false,false,false,false,false,false,false,false,601c00c4f8a80c12afbe18aa
false,false,false,false,false,false,false,false,601c00c4f8a80c12afbe18aa
false,false,false,false,false,false,false,false,601c0028f8a80c12afbe1819
false,true,false,false,false,false,true,false,601c009bf8a80c12afbe1896
false,true,false,false,false,false,true,false,601c009bf8a80c12afbe1896
false,true,false,true,false,true,true,false,601c00b3f8a80c12afbe18a3
false,false,false,false,true,true,false,false,601c0119f8a80c12afbe1910
false,false,false,false,false,false,false,false,601c011ff8a80c12afbe1926
false,false,false,false,false,false,false,false,601c0130f8a80c12afbe193e
true,false,true,true,true,true,false,true,601c00e0f8a80c12afbe18d7
false,false,false,false,false,false,false,false,601c003af8a80c12afbe1828
false,false,false,false,false,false,false,false,601c0102f8a80c12afbe18ed
false,false,false,false,false,false,false,false,601c0175f8a80c12afbe19d7
false,false,false,false,false,true,false,false,601c014ef8a80c12afbe1964
false,false,false,false,false,false,false,false,601c0125f8a80c12afbe192d
false,true,false,false,false,false,false,false,601c0143f8a80c12afbe1959
false,true,false,true,false,false,true,false,601c0172f8a80c12afbe19d1
false,false,true,false,true,false,true,false,601c0153f8a80c12afbe196c
false,false,false,false,false,false,false,false,601c0063f8a80c12afbe1862
false,true,false,false,false,false,false,false,601c0122f8a80c12afbe192a
false,false,false,false,false,false,false,false,601c019af8a80c12afbe1a13
true,true,true,true,true,true,false,true,601c019bf8a80c12afbe1a15
false,true,true,true,true,true,true,false,601c018ef8a80c12afbe19fe
false,false,false,false,false,false,false,false,601c018df8a80c12afbe19f8
false,true,false,true,false,true,true,false,601c014cf8a80c12afbe1961
true,false,true,false,true,true,false,false,601c01a9f8a80c12afbe1a26
true,false,false,false,false,true,false,false,601c013cf8a80c12afbe1953
false,false,false,false,false,false,false,false,601c02a8f8a80c12afbe1c99
false,true,false,false,false,false,false,false,601c0284f8a80c12afbe1c4d
false,false,false,false,false,false,false,false,601c0266f8a80c12afbe1b97
false,true,false,false,false,true,false,false,601c0246f8a80c12afbe1b2d
false,false,false,false,false,false,false,false,601c02c4f8a80c12afbe1d5d
false,true,false,false,false,false,false,false,601c025ef8a80c12afbe1b80
false,false,false,false,false,false,false,false,601c030cf8a80c12afbe1e3f
false,false,false,false,false,false,false,false,601c030cf8a80c12afbe1e3f
false,false,false,false,false,false,false,false,601c2b20f8a80c12afbefe74
true,false,true,true,true,true,true,true,601c6e7bf8a80c12afbf2ff5
true,true,true,true,true,true,true,true,601d2755a6af0b0a8bd18def
true,true,true,true,true,true,true,true,601d4127a6af0b0a8bd19920
true,false,false,false,false,true,false,false,601d6caaa6af0b0a8bd1badb
true,true,true,true,true,true,true,true,601f3546a6af0b0a8bd1e5fd
true,true,true,true,true,true,true,true,60200e96a6af0b0a8bd1f1ec
false,false,false,false,false,false,false,false,6020b3d4a6af0b0a8bd2254c
true,false,false,false,false,true,true,false,6021968ea6af0b0a8bd27418
true,false,true,true,true,true,false,true,602220c2a6af0b0a8bd28b75
true,true,true,true,true,true,false,true,60237970a6af0b0a8bd2b659
false,true,false,false,true,false,false,true,602518e9a6af0b0a8bd2c4e4
false,false,true,true,false,true,true,true,60253716a6af0b0a8bd2c579
false,true,false,false,false,false,false,false,60257b2fa6af0b0a8bd2c85c
true,true,true,true,true,true,true,true,6027df88a6af0b0a8bd31fcc
false,false,false,false,false,false,false,false,602a3ccea6af0b0a8bd3716d
true,true,true,true,true,true,true,true,602ada93a6af0b0a8bd3a878
true,true,true,true,true,true,true,true,602956fda6af0b0a8bd34b4d
true,true,true,true,true,true,true,true,602e3d9ba6af0b0a8bd3b399
true,true,false,false,false,true,true,false,602e9b3aa6af0b0a8bd3b578
true,false,true,true,true,true,true,true,602eaa28a6af0b0a8bd3b5e2
false,true,false,true,false,false,true,false,602ee3d9a6af0b0a8bd3b607
false,false,false,false,false,false,false,false,602f0596a6af0b0a8bd3b61b
true,true,true,true,true,true,false,true,602f18faa6af0b0a8bd3b6f5
true,true,true,true,true,true,true,true,602f7b89a6af0b0a8bd3bddd
true,true,true,true,false,true,true,true,602f8914a6af0b0a8bd3c671
true,true,true,true,true,true,true,true,602fae39a6af0b0a8bd3dbfc
false,false,false,false,false,false,false,false,602faf5ba6af0b0a8bd3dc17
true,false,true,false,true,true,false,true,60308698a6af0b0a8bd3f58d
true,false,true,true,true,true,true,true,6031027aa6af0b0a8bd3fbdf
true,false,true,true,true,true,true,true,60311003a6af0b0a8bd3ff4d
false,false,false,false,false,false,false,false,60311173a6af0b0a8bd3ff53
true,false,true,true,true,true,false,true,60312899a6af0b0a8bd40126
true,true,true,true,true,true,true,true,603170eaa6af0b0a8bd4121d
true,false,true,false,false,true,false,false,6031f9bfa6af0b0a8bd4125f
true,true,true,true,true,true,true,true,6032151aa6af0b0a8bd41497
true,false,false,false,false,true,true,false,60329eb1a6af0b0a8bd41e61
true,true,true,true,false,true,false,false,60337093a6af0b0a8bd42ac1
false,false,false,false,false,false,false,false,6033ba09a6af0b0a8bd44439
true,true,true,true,true,true,true,true,6033d2d5a6af0b0a8bd44495
false,false,false,false,false,false,false,false,60340d95a6af0b0a8bd4558b
true,false,true,true,true,true,false,true,6034d8eda6af0b0a8bd457ad
true,false,true,true,true,true,false,true,6034f4d0a6af0b0a8bd457e3
true,false,true,true,true,true,true,true,60351426a6af0b0a8bd4614a
true,false,true,true,true,true,true,true,6035ee7ea6af0b0a8bd462e3
true,true,true,true,false,true,true,true,603611d9a6af0b0a8bd462ea
false,false,false,false,false,false,false,false,60362ef0a6af0b0a8bd462f2
false,true,false,false,false,false,true,false,603648baa6af0b0a8bd4631e
true,true,true,true,true,true,true,true,6037236aa6af0b0a8bd482cd
false,false,false,false,false,false,false,false,6037aa0ea6af0b0a8bd48d99
true,true,true,true,true,true,true,true,6037ccbfa6af0b0a8bd49964
false,false,false,false,false,false,false,false,6037ecc7a6af0b0a8bd49eed
true,true,true,true,true,false,true,true,60380562a6af0b0a8bd49f1b
true,true,true,true,true,true,true,true,60390376a6af0b0a8bd49f38
false,false,false,false,false,false,false,false,603a8e8ba6af0b0a8bd4c64e
true,false,true,true,true,true,false,true,603d439fa6af0b0a8bd52ba3
true,true,true,true,true,true,true,true,603d7455a6af0b0a8bd53507
true,true,true,true,true,true,true,true,603e09b4a6af0b0a8bd5350d
true,true,true,true,true,true,true,true,603e09b4a6af0b0a8bd5350d
true,true,false,false,false,false,false,false,603eb70ba6af0b0a8bd5371b
false,false,false,false,false,true,false,false,603fca9ca6af0b0a8bd5374f
true,true,true,true,true,true,true,true,604064afa6af0b0a8bd537d8
true,false,true,true,true,true,true,true,604243eaba869b0aa718df97
true,true,true,true,true,true,true,true,6043ba33ba869b0aa718e216
true,true,true,true,true,true,true,true,6043d2acba869b0aa718e21f
true,true,true,true,true,true,true,true,6043f0bcba869b0aa718e259
true,false,false,false,false,true,false,false,6045cb5fba869b0aa718e2eb
true,true,true,true,true,true,true,true,60464c7fba869b0aa718e375
true,true,true,false,true,true,false,true,6047772dba869b0aa718e6f5
true,true,true,true,true,true,true,true,604844e2ba869b0aa718e77a
true,false,true,false,true,true,false,true,6048d5a3ba869b0aa718e7a0
true,false,true,true,true,true,true,true,60490662ba869b0aa718e7b3
true,true,true,true,true,true,false,false,604a2fdeba869b0aa718eb64
true,false,true,true,true,true,true,true,604a3c4cba869b0aa718ec11
true,false,true,false,false,true,false,true,604b4b62ba869b0aa718f27e
false,true,true,true,true,false,true,false,604b6696ba869b0aa718f328
true,false,true,true,true,true,true,true,604ba23eba869b0aa718f3ad
true,false,true,true,true,true,true,true,604bbb22ba869b0aa718f3bb
true,false,true,true,true,true,false,true,604c3e10ba869b0aa718f3e2
true,false,true,true,true,true,true,true,604c4937ba869b0aa718f400
false,false,false,false,true,false,false,true,604c4937ba869b0aa718f400
true,true,true,false,false,true,false,true,604c56b5ba869b0aa718f41e
false,false,false,false,false,false,false,false,604c56b5ba869b0aa718f41e
false,false,false,false,false,false,false,false,604c56b5ba869b0aa718f41e
false,false,false,false,false,false,false,false,604c56b5ba869b0aa718f41e
true,true,true,true,true,true,true,true,604c564bba869b0aa718f416
false,false,false,false,false,false,false,false,604c56b5ba869b0aa718f41e
true,false,true,false,true,true,false,true,604c8482ba869b0aa71912a0
true,false,false,false,true,true,false,true,604ca5b8ba869b0aa7193223
true,true,false,false,false,true,true,true,604caa6fba869b0aa7193514
true,false,true,true,false,true,true,true,604ccd32ba869b0aa71946ce
true,false,true,true,true,true,false,true,604ce667ba869b0aa7194ebe
true,false,true,true,true,true,false,true,604cf57bba869b0aa719567b
false,false,false,false,false,false,true,false,604d1129ba869b0aa7196b6a
true,true,true,true,true,true,true,true,604d25f2ba869b0aa7197850
true,false,true,true,true,true,true,true,604d27e9ba869b0aa71978fe
true,false,true,true,true,true,true,true,604d966cba869b0aa7198348
true,false,false,false,true,true,false,true,604da99bba869b0aa7198807
true,false,true,true,true,true,false,true,604dab5fba869b0aa719891e
true,false,true,false,true,true,false,true,604dad56ba869b0aa7198ae2
true,false,true,true,true,true,true,true,604db12eba869b0aa71990ab
true,false,true,true,true,true,true,true,604db12eba869b0aa71990ab
true,false,true,true,true,true,true,true,604db12eba869b0aa71990ab
false,true,false,true,false,true,true,true,604db1c2ba869b0aa719920c
true,false,true,true,true,true,true,true,604daccdba869b0aa7198ace
true,true,true,true,true,true,true,true,604dbbbdba869b0aa7199855
true,false,false,false,false,true,false,false,604dc59eba869b0aa719a67b
false,false,false,false,false,true,false,false,604dc83eba869b0aa719ab96
true,true,true,true,true,true,true,true,604de8b8ba869b0aa719e935
false,false,false,false,false,false,false,false,604de8b8ba869b0aa719e935
true,false,true,true,true,true,true,true,604de995ba869b0aa719e9b1
true,true,true,true,true,true,true,true,604de9d9ba869b0aa719e9b7
false,false,false,false,false,false,false,false,604de8b8ba869b0aa719e935
false,false,false,false,false,false,true,false,604deec3ba869b0aa719ecf2
true,true,true,true,true,true,true,true,604df9aeba869b0aa719f15f
false,true,true,true,false,true,true,false,604e0417ba869b0aa719f964
true,false,true,true,true,true,false,true,604e240dba869b0aa71a1241
true,true,true,true,false,true,true,false,604e2b01ba869b0aa71a1704
true,false,true,true,true,true,false,true,604e3fbbba869b0aa71a2269
true,true,true,true,true,true,true,true,604e435cba869b0aa71a277f
true,false,false,true,true,true,false,false,604e4627ba869b0aa71a28d9
true,false,true,true,true,true,false,true,604eec79ba869b0aa71a5338
true,true,true,true,true,true,true,true,604ef140ba869b0aa71a5347
true,true,true,true,true,true,true,true,604f064eba869b0aa71a5d8d
true,false,true,true,true,true,true,true,604f148cba869b0aa71a67f1
true,true,true,true,true,true,true,true,604f1c3aba869b0aa71a7500
true,false,true,true,true,true,true,true,604f27f0ba869b0aa71a9210
true,true,true,true,true,true,true,true,604f33b1ba869b0aa71ab0ed
true,false,true,true,false,true,true,false,604f34bbba869b0aa71ab4c1
true,true,true,true,true,true,true,true,604ef27aba869b0aa71a5380
false,false,false,false,false,false,false,false,604f4f18ba869b0aa71b0013
false,true,true,false,false,false,true,false,604de8e4ba869b0aa719e945
true,false,true,true,true,true,false,true,604f797fba869b0aa71b3185
true,false,true,false,true,true,false,true,604f7eb8ba869b0aa71b3404
true,false,true,true,true,true,false,false,604f7d21ba869b0aa71b32b9
true,true,true,true,true,true,false,false,6050ba51ba869b0aa71b5996
true,true,true,true,false,true,true,false,6050d98bba869b0aa71b59e8
true,false,true,true,true,true,false,true,6050f676ba869b0aa71b5a1c
true,true,true,false,true,true,false,true,6051134eba869b0aa71b5a39
true,false,false,false,false,false,false,true,6051266eba869b0aa71b5a42
false,true,false,false,false,false,false,false,6051b252ba869b0aa71b5a57
true,false,true,true,true,true,true,true,6051d189ba869b0aa71b5abf
true,true,true,true,true,true,true,true,6051ffd2ba869b0aa71b5cd3
true,true,true,true,false,true,true,true,605242a8ba869b0aa71b5e1f
true,false,true,false,true,true,false,true,60524f0dba869b0aa71b5e6b
false,true,true,false,false,true,true,false,60525918ba869b0aa71b5fd8
true,true,true,true,true,true,false,true,6052f862ba869b0aa71b6036
true,false,true,true,true,true,false,true,605328b2ba869b0aa71b6100
false,false,true,true,false,true,false,true,605387a3ba869b0aa71b6291
true,false,true,false,false,true,false,true,6053b5b0ba869b0aa71b6b23
true,false,true,true,true,true,true,true,6053b6beba869b0aa71b6b33
true,false,true,true,false,true,false,false,6054bbe9ba869b0aa71b6ead
true,true,true,true,true,true,true,true,6054f492ba869b0aa71b7014
true,true,false,false,false,true,false,false,6054f79cba869b0aa71b7032
true,true,true,true,true,true,true,true,60550163ba869b0aa71b7095
true,false,true,false,true,true,false,true,605503a5ba869b0aa71b70ac
true,false,true,false,false,true,false,false,60550679ba869b0aa71b70f2
true,true,false,true,true,true,true,true,60551b9dba869b0aa71b725b
true,true,true,true,true,true,true,true,605523ddba869b0aa71b72e4
true,false,true,true,true,true,true,true,60553978ba869b0aa71b7700
true,true,true,true,true,true,true,true,60554e12ba869b0aa71b7719
true,false,false,false,true,true,false,true,60555e69ba869b0aa71b777a
false,false,false,false,false,false,false,false,60556db2ba869b0aa71b7780
true,true,true,true,true,true,true,true,60557932ba869b0aa71b778b
true,true,true,true,true,true,true,true,60558397ba869b0aa71b7814
false,false,true,false,false,false,false,false,605585afba869b0aa71b7838
true,true,true,true,true,true,true,true,6055886bba869b0aa71b785a
true,true,true,true,false,true,true,true,6055a699ba869b0aa71b78e8
true,false,false,false,false,true,false,false,6055c7bcba869b0aa71b79d3
true,true,true,true,false,true,true,true,6055eb03ba869b0aa71b7cb7
true,false,true,false,true,true,true,true,6055fb2bba869b0aa71b8107
false,false,false,false,false,false,false,false,605606e9ba869b0aa71b8801
true,false,true,true,false,true,false,false,60560ae7ba869b0aa71b8932
false,false,false,false,false,false,false,false,60560ae7ba869b0aa71b8932
true,false,true,true,true,true,false,true,605617d3ba869b0aa71b8ada
true,true,true,true,true,true,true,true,60561a0eba869b0aa71b8aea
true,false,true,true,false,true,true,true,60561d37ba869b0aa71b8afb
false,false,false,false,false,false,false,false,60562767ba869b0aa71b8b17
true,true,false,true,true,true,false,false,60562da9ba869b0aa71b8d9a
true,true,true,true,true,true,true,true,605638d2ba869b0aa71b9090
true,false,true,true,true,true,true,true,60563e08ba869b0aa71b9221
false,false,false,false,false,false,false,false,6056492cba869b0aa71b93ad
true,true,true,false,true,true,true,true,6056499dba869b0aa71b93e0
true,true,false,false,false,false,false,false,60564a87ba869b0aa71b94c9
true,true,true,false,true,true,false,true,60564ecbba869b0aa71b9627
true,true,true,true,true,true,true,true,60564fe1ba869b0aa71b9640
true,false,true,true,true,true,false,true,60565047ba869b0aa71b9648
true,true,true,true,true,true,true,true,6056bc57ba869b0aa71b9923
true,true,true,true,false,true,true,true,6056cd01ba869b0aa71b9abb
true,true,true,false,true,true,false,false,6056ec60ba869b0aa71ba26b
true,false,true,false,false,true,false,false,60572242ba869b0aa71bd973
true,false,true,false,true,true,false,true,60574d71ba869b0aa71bea44
true,false,true,false,true,true,false,true,60574d71ba869b0aa71bea44
true,true,true,true,true,true,true,true,6057dd9aba869b0aa71c0386
true,false,true,true,true,true,true,true,6057f3e1ba869b0aa71c057c
true,true,true,true,true,true,false,false,60584643ba869b0aa71c06b5
true,true,true,true,false,true,true,true,60589795ba869b0aa71c0adf
true,true,false,false,false,true,false,false,6058a23dba869b0aa71c0ca0
true,true,true,true,true,true,true,true,6058c174ba869b0aa71c1807
true,false,false,false,false,true,false,false,6058a23dba869b0aa71c0ca0
true,false,true,true,true,true,true,true,6058e089ba869b0aa71c2282
true,true,true,true,true,true,true,true,6058edf0ba869b0aa71c22b1
true,true,true,true,true,true,true,true,60593fc2ba869b0aa71c3ab9
false,false,false,false,false,false,false,false,60599fc0ba869b0aa71c4e4b
false,false,false,false,false,false,false,false,60599fc0ba869b0aa71c4e4b
false,false,false,false,false,false,false,false,60599fc0ba869b0aa71c4e4b
true,true,true,true,true,true,false,true,6059c097ba869b0aa71c5d13
true,true,true,true,true,true,true,true,6059eacbba869b0aa71c6501
true,false,true,false,false,true,false,true,605a069bba869b0aa71c6a5b
true,true,true,true,true,true,true,true,605a1e72ba869b0aa71c71de
true,false,true,true,true,true,true,true,605a21e9ba869b0aa71c728f
false,false,false,false,false,false,false,false,605a5ca1ba869b0aa71c848f
true,false,false,false,true,true,false,true,605a8e77ba869b0aa71c84a8
true,false,false,false,true,true,false,false,605a99a9ba869b0aa71c84b3
true,true,true,true,true,true,true,true,605ae71fba869b0aa71c860f
true,true,true,true,true,true,true,true,605aecceba869b0aa71c863f
false,true,true,false,false,true,false,true,605b2938ba869b0aa71c9505
true,false,true,true,true,true,true,true,605b2cdaba869b0aa71c950f
true,true,true,true,true,true,true,true,605c3c3dba869b0aa71cda5a
false,false,false,false,false,false,false,false,605c4db5ba869b0aa71cde48
true,true,true,true,true,true,true,true,605cdb29ba869b0aa71d1034
true,true,true,true,true,true,true,true,605cfabeba869b0aa71d1161
true,true,true,true,true,true,true,true,605d2c28ba869b0aa71d1186
true,true,true,true,true,true,true,true,605dc9a5ba869b0aa71d2b29
true,false,true,false,true,true,false,true,605e2865ba869b0aa71d30f0
true,false,true,true,true,true,true,true,605e8a70ba869b0aa71d31bc
false,false,false,false,false,false,false,false,605ed2cbba869b0aa71d355b
false,false,false,false,false,false,false,false,605ed3a9ba869b0aa71d35cb
false,true,false,false,false,false,true,false,605eda49ba869b0aa71d373e
true,true,false,false,false,true,false,false,605f1e7fba869b0aa71d3ac9
true,false,true,false,true,true,false,false,605fcd68ba869b0aa71d3d65
true,false,true,false,false,true,false,false,605fe289ba869b0aa71d3e08
true,true,true,true,true,true,true,true,60608252ba869b0aa71d499c
true,false,true,true,true,true,false,true,6060ddf8ba869b0aa71d55b5
false,true,false,false,false,false,true,false,6060de22ba869b0aa71d55b8
true,false,true,true,true,true,false,true,60612c88ba869b0aa71d6f47
true,true,true,true,true,true,true,true,606178bcba869b0aa71d74ab
true,true,true,true,true,true,true,true,6061e1d4ba869b0aa71d7caa
true,true,true,true,false,true,true,true,6062263dba869b0aa71d7ef9
true,false,true,true,true,true,false,true,6062ca02ba869b0aa71d8745
true,true,true,true,true,true,false,true,6062cd31ba869b0aa71d8994
true,true,true,true,true,true,true,true,606302afba869b0aa71d8ae4
false,true,false,false,false,true,false,false,60631f96ba869b0aa71d8f4b
true,true,true,true,true,true,true,true,60633ce7ba869b0aa71d92e4
false,true,false,false,false,true,false,false,60638ea0ba869b0aa71d9f95
true,true,true,true,true,true,true,true,60645762ba869b0aa71db831
true,false,true,false,false,true,true,true,60652e90ba869b0aa71df5e7
true,false,true,true,false,true,true,true,6066401aba869b0aa71e11dd
true,true,true,true,true,true,true,true,60669c89e1dff50acdb84e94
true,true,true,true,true,true,true,true,6066a250e1dff50acdb84e9c
true,true,true,true,true,true,true,true,60671206e1dff50acdb85523
true,false,true,false,false,true,false,false,6067bc02e1dff50acdb85574
true,false,true,true,true,true,true,true,60689853e1dff50acdb855c3
true,false,true,false,true,true,false,true,6068cbbde1dff50acdb8585f
true,false,true,true,true,true,false,true,606970c9e1dff50acdb86754
true,true,true,true,true,true,true,true,60697567e1dff50acdb86796
false,false,false,false,false,false,false,false,60697567e1dff50acdb86796
true,false,true,false,false,true,false,true,6069905fe1dff50acdb867f0
true,false,true,false,true,true,false,true,606a7e96e1dff50acdb88999
true,false,true,true,false,true,false,false,606aef3ae1dff50acdb88a99
true,true,true,true,true,true,true,true,606b17f0e1dff50acdb88f47
true,true,true,true,true,true,false,true,606b4911e1dff50acdb8983d
true,false,true,true,true,true,true,true,606b527ae1dff50acdb89cc1
true,true,true,true,true,true,true,true,606b7563e1dff50acdb8ab1f
true,true,false,false,false,true,false,false,606b7a47e1dff50acdb8ac03
true,true,true,false,false,true,false,true,606bed1de1dff50acdb8e41b
true,true,true,true,true,true,true,true,606c141be1dff50acdb8e4a4
true,true,true,true,true,true,true,true,606c48eae1dff50acdb8ec4d
true,false,true,true,true,true,false,true,606c6909e1dff50acdb8ecd9
true,false,true,true,true,true,false,true,606c6abae1dff50acdb8ecf4
true,false,true,true,true,true,false,true,606c6ad1e1dff50acdb8ecf8
true,false,true,true,true,true,false,true,606c6e52e1dff50acdb8ed41
true,true,true,true,true,true,true,false,606c7099e1dff50acdb8ed5d
true,false,true,false,true,true,false,true,606c70e2e1dff50acdb8ed79
true,false,true,true,true,true,false,true,606c70d8e1dff50acdb8ed72
true,false,true,true,true,true,false,true,606c70dbe1dff50acdb8ed76
true,true,true,true,true,true,false,true,606c70d0e1dff50acdb8ed6e
true,false,true,true,true,true,false,true,606c71e1e1dff50acdb8ede1
false,false,true,true,false,false,false,true,606c71f7e1dff50acdb8ede5
true,false,true,false,true,true,false,true,606c72b1e1dff50acdb8ef34
true,false,true,false,true,true,false,true,606c730de1dff50acdb8efd0
true,false,true,false,true,true,false,true,606c7313e1dff50acdb8efd4
true,true,true,true,true,true,false,true,606c7441e1dff50acdb8f2a1
true,false,true,true,true,true,false,true,606c7619e1dff50acdb8fb02
true,false,true,true,true,true,false,true,606c8fc3e1dff50acdb934b7
true,false,true,false,false,false,false,true,606c9965e1dff50acdb94283
true,true,true,true,true,true,true,true,606c993fe1dff50acdb94232
true,false,true,true,true,true,false,true,606d90f7e1dff50acdb9545a
true,false,true,true,true,true,false,true,606dcf3ce1dff50acdb976ad
true,false,true,true,false,true,true,true,606ef081e1dff50acdb9adf8
false,false,false,false,false,false,false,false,606f05f3e1dff50acdb9b10a
true,false,true,true,true,true,true,true,606f7a33e1dff50acdb9bb53
true,true,true,true,true,true,true,true,606f8d92e1dff50acdb9bdb3
true,false,true,true,true,true,false,true,60703a6be1dff50acdb9be60
true,true,true,true,false,true,true,true,60705318e1dff50acdb9be8b
true,true,true,true,true,true,true,true,6070759be1dff50acdb9bf38
true,true,true,true,true,true,true,true,607161e8e1dff50acdb9c3c2
true,true,true,true,true,true,true,true,60716c5ce1dff50acdb9c3e6
true,true,true,true,true,true,true,true,6071c659e1dff50acdb9c446
true,true,true,true,true,true,true,true,6071f2eee1dff50acdb9c63e
true,true,true,true,true,true,true,true,6072b49ae1dff50acdb9cca4
true,true,true,true,true,true,true,false,6072f6f6e1dff50acdb9d1c6
true,true,true,true,true,true,true,true,607314dce1dff50acdb9d355
true,true,true,true,true,true,true,true,6074c9b3e1dff50acdb9e161
true,true,true,true,true,true,true,true,6074ca0ce1dff50acdb9e164
true,false,true,false,false,true,false,true,60754804e1dff50acdb9e264
false,false,false,false,false,false,false,false,607594e5e1dff50acdb9e280
true,true,true,true,true,true,true,true,6078922ae1dff50acdba00e4
true,true,true,true,true,true,true,true,60795988e1dff50acdba0100
true,true,true,true,true,true,false,true,6079aa99e1dff50acdba0324
true,true,true,true,true,true,false,true,6079ae18e1dff50acdba03d5
true,false,true,false,true,true,false,true,607a4143e1dff50acdba0b05
true,true,true,true,false,true,true,true,607aa39ee1dff50acdba0b12
true,false,true,true,false,true,true,false,607bf57ae1dff50acdba0b27
true,true,true,true,false,true,false,false,607c3449e1dff50acdba0b30
false,false,false,false,false,false,false,false,607c6535e1dff50acdba0b81
false,true,false,false,false,false,false,false,607cb5a5e1dff50acdba0c94
true,false,true,true,true,true,false,false,607d3d84e1dff50acdba0ca2
true,true,true,true,false,true,true,true,607dbfe1e1dff50acdba14c9
true,true,true,true,true,true,true,true,607e8f45e1dff50acdba1541
true,true,false,true,false,true,true,false,6080076ae1dff50acdba1ba5
true,true,true,true,true,true,false,true,608067d4e1dff50acdba29cd
false,true,true,true,true,true,true,true,60806cf2e1dff50acdba2a77
true,false,true,true,true,true,true,true,6080bd8ce1dff50acdba2b64
true,false,false,false,false,true,false,false,6083ef86e1dff50acdba3e43
true,true,true,true,true,true,true,true,608583bae1dff50acdba3eeb
true,false,true,true,true,true,false,true,608720dae1dff50acdba42f7
true,true,true,true,true,true,true,true,6088c26ce1dff50acdba476e
true,true,true,true,false,true,false,false,60891dd5e1dff50acdba4788
false,true,false,true,false,true,true,false,6089fe86e1dff50acdba4817
false,true,true,false,false,true,false,false,608a092ce1dff50acdba4823
true,false,true,true,true,true,false,true,608b230ce1dff50acdba48d3
true,true,true,true,false,true,true,false,608bec4ce1dff50acdba493c
true,false,true,false,true,true,false,true,608c956fe1dff50acdba4958
true,false,true,false,true,true,false,true,608c956fe1dff50acdba4958
true,true,true,true,true,true,true,true,608c9d49e1dff50acdba4969
true,false,true,true,true,true,true,true,608d0830e1dff50acdba4a76
false,true,true,true,true,true,false,false,608d1576e1dff50acdba4c47
true,false,true,false,true,true,false,true,608d41b3e1dff50acdba68b2
true,false,false,false,false,true,false,false,6091ae07e1dff50acdba9730
true,false,true,true,false,true,false,true,609264d4e1dff50acdba9bf0
true,true,true,false,false,true,false,true,60926c8ce1dff50acdba9caf
false,true,true,true,true,true,true,false,6092d3e0e1dff50acdba9d03
false,false,false,false,false,true,false,false,6092e500e1dff50acdbaa5fd
true,true,true,true,false,true,true,true,6093dea9e1dff50acdbac132
true,true,true,true,true,true,true,true,60942f10e1dff50acdbac164
false,false,false,false,false,false,false,false,60943504e1dff50acdbac18e
true,true,true,true,true,true,true,true,6095cc43d35efd0ab8825574
true,true,true,true,true,true,false,true,6095cf81d35efd0ab88255cd
true,true,true,true,true,true,true,true,60962a3dd35efd0ab8825803
true,true,true,true,true,true,true,true,609910d0d35efd0ab8825823
true,false,true,true,false,true,false,true,6099392ad35efd0ab8825886
false,true,false,false,false,false,true,false,609943b2d35efd0ab88258df
false,false,false,true,false,false,true,false,609943b2d35efd0ab88258df
false,false,false,false,false,false,false,false,609acc29d35efd0ab8825aec
false,false,false,false,false,false,false,false,609acceed35efd0ab8825af6
true,true,true,true,true,true,false,true,609ae9bdd35efd0ab8825afc
true,true,true,true,true,true,true,true,609aff10d35efd0ab8825b01
true,true,true,true,true,true,true,false,609cbf9cd35efd0ab8825e86
true,true,true,true,true,true,true,true,609d46f3d35efd0ab8825efd
true,false,true,true,false,true,false,true,609e2e67d35efd0ab8825f61
true,true,true,true,true,true,true,true,609f7d3fd35efd0ab8825f94
true,true,true,true,true,true,true,true,609fdad9d35efd0ab8825fae
true,false,true,false,false,true,false,false,60a00c38d35efd0ab8825ffd
true,true,true,true,false,true,true,true,60a078aed35efd0ab8826010
false,false,false,false,false,true,false,false,60a09f86d35efd0ab882615a
true,true,true,true,true,true,true,true,60a0ea59d35efd0ab882615f
true,true,true,true,true,true,true,true,60a123d8d35efd0ab8826169
true,true,true,true,true,true,false,true,60a15dc3d35efd0ab882623a
false,false,false,false,false,false,false,false,60a59b23d35efd0ab88262be
true,false,false,false,true,true,false,true,60a91d26d35efd0ab882663d
true,true,true,true,true,true,false,true,60a9808bd35efd0ab882679c
true,false,true,true,true,true,true,true,60ad2545d35efd0ab8826a9d
true,false,true,true,false,true,false,true,6091ee3be1dff50acdba9b9c
true,true,true,true,true,true,true,true,60afa7e2d35efd0ab8826e25
true,true,true,true,true,true,true,true,60b1882bd35efd0ab8827351
true,true,true,true,true,true,true,true,60b38a7cd35efd0ab8827383
true,true,true,true,true,true,true,true,60b3e4efd35efd0ab882738d
true,true,true,true,true,true,true,true,60b3e4efd35efd0ab882738d
true,false,true,true,true,true,false,true,60b3f5a7d35efd0ab882739e
true,true,true,true,true,true,false,true,60b438bad35efd0ab8827d95
true,false,false,false,false,false,false,false,60b5a1fcd35efd0ab88285c8