,GT,GS,language,demo,pretest,pretest_score,part1,part1_current,part2,part2_current,part3,part3_current,participant
2,False,True,python,1.0,1.0,,{'$date': '2021-02-01T17:18:29.308Z'},,{'$date': '2021-02-01T18:28:17.783Z'},dataframe0,,vector3,60106245db5b643e9ca0542f
3,False,False,r,1.0,1.0,,,/part1/create_vector,,,,,6010ea6bdb5b643e9ca05461
4,True,True,python,1.0,1.0,,{'$date': '2021-01-27T10:30:30.892Z'},,{'$date': '2021-02-20T00:43:06.459Z'},dataframe0,,vector3,60112d18db5b643e9ca05469
5,True,False,python,1.0,1.0,,{'$date': '2021-01-28T12:46:28.244Z'},,{'$date': '2021-01-30T21:55:19.748Z'},dataframe0,,dataframe6,601146dadb5b643e9ca054e5
6,False,True,python,1.0,1.0,,{'$date': '2021-01-27T12:08:09.294Z'},,,dataframe0,{'$date': '2021-01-28T13:49:11.946Z'},dataframe_test,60114dc2db5b643e9ca054ed
7,False,False,python,1.0,1.0,,,/part1/create,,,,,6011a3fedb5b643e9ca06099
8,True,True,python,1.0,1.0,,,/part1ex/create2,,scrip1,,dataframe_test,601275c1db5b643e9ca060b4
9,True,False,python,1.0,1.0,,,/part1/access_from-vector_by-index,,,,,60129cbddb5b643e9ca06877
10,False,True,python,1.0,1.0,,{'$date': '2021-02-05T13:09:55.625Z'},,{'$date': '2021-02-10T17:29:42.092Z'},dataframe0,,vector_test,6014329e8a8fb97c0541f5d3
11,False,False,python,1.0,1.0,,{'$date': '2021-01-30T18:20:30.658Z'},,,,{'$date': '2021-01-31T14:27:52.713Z'},dataframe_test,601587f68a8fb97c0541f607
12,True,True,,,,,,/part1/create,,,,,6017fa038a8fb97c05420409
14,False,True,python,1.0,1.0,,{'$date': '2021-02-01T21:27:34.681Z'},,{'$date': '2021-02-13T15:15:29.673Z'},dataframe0,{'$date': '2021-02-16T18:15:14.821Z'},dataframe_test,60185e4ef8a80c12afba1014
18,False,True,python,1.0,1.0,,{'$date': '2021-02-02T08:31:50.954Z'},,{'$date': '2021-02-02T12:00:48.187Z'},dataframe0,{'$date': '2021-02-02T20:25:47.353Z'},dataframe_test,6018f3a9f8a80c12afba217e
19,False,False,python,1.0,1.0,,,/part1/create,{'$date': '2021-02-02T11:59:31.513Z'},dataframe0,{'$date': '2021-02-02T20:21:39.271Z'},dataframe_test,6018f3b6f8a80c12afba2184
20,True,True,python,1.0,1.0,,{'$date': '2021-02-02T11:50:05.553Z'},,{'$date': '2021-02-02T13:27:29.19Z'},dataframe0,{'$date': '2021-02-02T15:42:07.304Z'},dataframe_test,6018f3bcf8a80c12afba2189
21,True,False,python,1.0,1.0,,{'$date': '2021-02-02T09:03:48.358Z'},,{'$date': '2021-02-02T12:48:50.785Z'},dataframe0,{'$date': '2021-02-02T19:10:22.669Z'},dataframe_test,6018f410f8a80c12afba2194
22,False,True,python,1.0,1.0,,{'$date': '2021-02-02T08:47:47.885Z'},,{'$date': '2021-02-02T13:43:28.491Z'},dataframe0,{'$date': '2021-02-02T19:17:09.05Z'},dataframe_test,6018f44df8a80c12afba219c
23,False,False,python,1.0,1.0,,{'$date': '2021-02-02T08:11:22.254Z'},,{'$date': '2021-02-02T10:26:23.337Z'},dataframe0,{'$date': '2021-02-02T14:07:52.451Z'},dataframe_test,6018f495f8a80c12afba21aa
24,True,True,python,1.0,1.0,,{'$date': '2021-02-02T09:10:37.457Z'},,{'$date': '2021-02-03T14:27:15.878Z'},dataframe0,{'$date': '2021-02-03T16:07:31.115Z'},dataframe_test,6018f4bbf8a80c12afba21b3
25,True,False,python,1.0,1.0,,,/part1/create,{'$date': '2021-02-09T03:04:59.353Z'},dataframe0,,dataframe5,6018f4c5f8a80c12afba21b9
26,False,True,python,1.0,1.0,,{'$date': '2021-02-02T22:37:37.394Z'},,{'$date': '2021-02-03T02:37:50.352Z'},dataframe0,{'$date': '2021-02-03T08:33:19.32Z'},dataframe_test,6018f517f8a80c12afba21c8
27,False,False,python,1.0,1.0,,{'$date': '2021-02-02T07:53:48.425Z'},,{'$date': '2021-02-02T11:06:13.33Z'},dataframe0,{'$date': '2021-02-02T14:29:51.708Z'},dataframe_test,6018f56af8a80c12afba21e0
28,True,True,python,1.0,1.0,,{'$date': '2021-02-02T11:50:56.982Z'},,{'$date': '2021-02-03T00:16:04.939Z'},dataframe0,{'$date': '2021-02-03T05:58:09.016Z'},dataframe_test,6018f5a0f8a80c12afba21ec
29,True,False,python,1.0,1.0,,{'$date': '2021-02-02T09:36:35.405Z'},,{'$date': '2021-02-02T12:10:45.696Z'},dataframe0,{'$date': '2021-02-02T19:12:35.046Z'},dataframe_test,6018f5fef8a80c12afba21ff
30,False,True,python,1.0,1.0,,{'$date': '2021-02-02T09:50:48.583Z'},,{'$date': '2021-02-02T11:14:07.586Z'},dataframe0,,dataframe_test,6018f5fff8a80c12afba2201
31,False,False,python,1.0,1.0,,{'$date': '2021-02-02T12:24:12.614Z'},,{'$date': '2021-02-02T09:13:43.968Z'},dataframe0,{'$date': '2021-02-02T12:52:46.686Z'},dataframe_test,6018f660f8a80c12afba2217
32,True,True,python,1.0,1.0,,{'$date': '2021-02-02T11:04:24.341Z'},/part1ex/restructure1,{'$date': '2021-02-02T12:59:21.462Z'},dataframe0,{'$date': '2021-02-02T18:12:13.41Z'},dataframe_test,6018f697f8a80c12afba2235
33,True,False,python,1.0,1.0,,,/part1/create,,logical1,,,6018f6a1f8a80c12afba223b
34,False,True,python,1.0,1.0,,{'$date': '2021-02-02T20:31:29.062Z'},,{'$date': '2021-02-03T03:10:34.389Z'},dataframe0,{'$date': '2021-02-03T17:23:08.308Z'},dataframe_test,6018f6ebf8a80c12afba227b
35,False,False,python,1.0,1.0,,{'$date': '2021-02-02T18:24:57.013Z'},,{'$date': '2021-02-03T05:14:02.673Z'},dataframe0,{'$date': '2021-02-03T10:46:03.2Z'},dataframe_test,6018f6f3f8a80c12afba2286
36,True,True,python,1.0,1.0,,{'$date': '2021-02-02T11:02:43.878Z'},,{'$date': '2021-02-02T13:27:01.816Z'},dataframe0,{'$date': '2021-02-03T05:10:24.018Z'},dataframe_test,6018f723f8a80c12afba2369
37,True,False,python,1.0,1.0,,{'$date': '2021-02-03T18:33:24.741Z'},,{'$date': '2021-02-04T12:39:35.472Z'},dataframe0,{'$date': '2021-02-05T10:55:04.184Z'},dataframe_test,6018f733f8a80c12afba2374
38,False,True,python,1.0,1.0,,{'$date': '2021-02-02T11:21:33.096Z'},,{'$date': '2021-02-02T12:42:57.369Z'},dataframe0,{'$date': '2021-02-02T18:14:32.696Z'},dataframe_test,6018f7b8f8a80c12afba2403
39,False,False,python,1.0,1.0,,,/part1/create,,,,,6018f7bbf8a80c12afba2406
40,True,True,,,,,,/part1/create,,,,,6018f83cf8a80c12afba24a8
41,True,False,python,1.0,1.0,,{'$date': '2021-02-02T08:20:36.095Z'},,{'$date': '2021-02-02T10:45:59.965Z'},dataframe0,{'$date': '2021-02-02T18:17:40.737Z'},dataframe_test,6018f8bbf8a80c12afba253f
42,False,True,,,,,,/part1/create,,,,,6018f8d3f8a80c12afba255c
43,False,False,python,1.0,1.0,,{'$date': '2021-02-02T10:43:17.937Z'},,,dataframe0,,,6018f9d4f8a80c12afba2793
44,True,True,python,1.0,1.0,,,/part1/create,,dataframe0,,,6018fb2ef8a80c12afba2993
45,True,False,python,1.0,1.0,,{'$date': '2021-02-06T06:48:30.768Z'},,{'$date': '2021-02-06T07:21:52.62Z'},dataframe0,{'$date': '2021-02-06T08:11:43.718Z'},dataframe_test,6018fb66f8a80c12afba2a0e
46,False,True,python,1.0,1.0,,{'$date': '2021-02-02T09:36:29.934Z'},,{'$date': '2021-02-02T12:53:40.2Z'},dataframe0,{'$date': '2021-02-02T15:58:43.984Z'},dataframe_test,6018fd16f8a80c12afba2cd5
47,False,False,python,1.0,1.0,,{'$date': '2021-02-02T11:03:53.72Z'},,{'$date': '2021-02-02T14:12:01.983Z'},dataframe0,{'$date': '2021-02-02T17:31:59.598Z'},dataframe_test,6018fd31f8a80c12afba2cf5
48,True,True,python,1.0,1.0,,,/part1/create,,,,,6018fd6ef8a80c12afba2d4f
49,True,False,python,1.0,1.0,,{'$date': '2021-02-02T11:12:30.874Z'},,{'$date': '2021-02-05T17:38:16.395Z'},dataframe0,{'$date': '2021-02-05T18:34:42.055Z'},dataframe_test,6018fe8ff8a80c12afba2fa8
50,False,True,python,1.0,,,,/part1/create,,,,,6019000af8a80c12afba322f
51,False,False,python,1.0,1.0,,,/part1/create,,,,,60190285f8a80c12afba38a3
52,True,True,python,1.0,1.0,,{'$date': '2021-02-02T10:49:28.458Z'},,{'$date': '2021-02-02T14:08:39.748Z'},dataframe0,{'$date': '2021-02-02T17:57:15.599Z'},dataframe_test,60190373f8a80c12afba3a90
53,True,False,python,1.0,1.0,,{'$date': '2021-02-02T16:26:36.315Z'},,{'$date': '2021-02-03T05:00:07.041Z'},dataframe0,{'$date': '2021-02-03T14:44:01.154Z'},dataframe_test,60190c05f8a80c12afba4a8f
54,False,True,python,1.0,1.0,,,/part1/create,,,,,6019105cf8a80c12afba53d7
55,False,False,python,1.0,1.0,,,/part1/create,,,,,6019112df8a80c12afba553a
56,True,True,python,1.0,1.0,,{'$date': '2021-02-02T08:46:42.104Z'},,{'$date': '2021-02-02T14:16:43.478Z'},dataframe0,{'$date': '2021-02-03T03:53:14.505Z'},dataframe_test,60191b2af8a80c12afba6602
57,True,False,python,1.0,1.0,,,/part1/create,,,,,60191b55f8a80c12afba6660
58,False,True,,,,,,/part1/create,,,,,601922c4f8a80c12afba7d7b
59,False,False,python,1.0,1.0,,,/part1/create,,,,,6019238ff8a80c12afba7fc0
60,True,True,python,1.0,1.0,,{'$date': '2021-02-02T10:40:26.326Z'},,{'$date': '2021-02-02T11:22:41.143Z'},dataframe0,,matrix3,6019249ff8a80c12afba840b
61,True,False,python,1.0,1.0,,,/part1/create,,,,,601924caf8a80c12afba853f
62,False,True,python,1.0,1.0,,{'$date': '2021-02-02T11:11:33.428Z'},,,,,,601924e3f8a80c12afba85d6
63,False,False,python,1.0,1.0,,{'$date': '2021-02-02T11:07:40.226Z'},,,scrip1,,,601924edf8a80c12afba861d
64,True,True,python,1.0,1.0,,,/part1ex/calculate1,,,,,601924f2f8a80c12afba8654
65,True,False,python,1.0,1.0,,{'$date': '2021-02-02T10:58:17.164Z'},,,scrip1,,,60192506f8a80c12afba8709
66,False,True,python,1.0,1.0,,{'$date': '2021-02-02T10:41:44.792Z'},,,access1,,,6019252af8a80c12afba8755
67,False,False,python,1.0,1.0,,,/part1/create,,vector0,,,60192531f8a80c12afba8766
68,True,True,python,1.0,1.0,,{'$date': '2021-02-02T11:10:31.389Z'},,,logical1,,,60192582f8a80c12afba892c
69,True,False,python,1.0,1.0,,{'$date': '2021-02-02T11:18:45.025Z'},,{'$date': '2021-02-20T03:57:44.691Z'},dataframe0,,vector3,601925c8f8a80c12afba89d6
70,False,True,python,1.0,1.0,,{'$date': '2021-02-02T11:39:01.664Z'},,{'$date': '2021-02-13T19:04:12.987Z'},dataframe0,{'$date': '2021-02-13T20:53:26.196Z'},dataframe_test,601925def8a80c12afba8a6a
71,False,False,python,1.0,1.0,,{'$date': '2021-02-02T11:05:15.795Z'},,,,,,601925eff8a80c12afba8a91
72,True,True,python,1.0,1.0,,{'$date': '2021-02-02T11:00:53.364Z'},,{'$date': '2021-02-12T22:47:07.241Z'},dataframe0,{'$date': '2021-02-13T12:09:33.262Z'},dataframe_test,60192601f8a80c12afba8aa9
73,True,True,python,1.0,1.0,,,/part1ex/create1,,,,,60192601f8a80c12afba8aaa
74,False,True,python,1.0,1.0,,{'$date': '2021-02-02T11:21:10.844Z'},,,dataframe0,,,60192610f8a80c12afba8ad7
75,False,False,,,,,,/part1/create,,,,,60192666f8a80c12afba8c81
76,True,True,python,1.0,1.0,,{'$date': '2021-02-02T11:02:10.677Z'},,,,,,6019268bf8a80c12afba8d22
77,True,False,python,1.0,1.0,,{'$date': '2021-02-02T11:46:12.056Z'},,{'$date': '2021-02-10T16:33:55.653Z'},dataframe0,{'$date': '2021-02-25T16:21:14.797Z'},dataframe_test,601926a6f8a80c12afba8dda
80,True,True,python,1.0,1.0,,{'$date': '2021-02-02T11:00:54.48Z'},,,functions1,,,601926c6f8a80c12afba8eaa
81,True,False,python,1.0,1.0,,{'$date': '2021-02-02T12:58:19.003Z'},,{'$date': '2021-02-02T20:02:16.741Z'},dataframe0,{'$date': '2021-02-03T04:31:22.341Z'},dataframe_test,6019275ff8a80c12afba906a
82,False,True,r,1.0,1.0,,{'$date': '2021-02-02T10:57:38.979Z'},,,logical1,,,60192799f8a80c12afba9199
83,False,False,python,1.0,1.0,,{'$date': '2021-02-02T11:13:58.691Z'},,{'$date': '2021-02-02T17:01:24.063Z'},dataframe0,,,601927c8f8a80c12afba9261
84,True,True,python,1.0,1.0,,{'$date': '2021-02-02T11:08:52.711Z'},,,scalar1,,,601927cbf8a80c12afba9277
85,True,False,python,1.0,1.0,,{'$date': '2021-02-02T10:46:25.152Z'},,{'$date': '2021-02-02T12:10:24.303Z'},dataframe0,{'$date': '2021-02-02T12:27:26.365Z'},dataframe_test,601927d2f8a80c12afba9286
86,False,True,python,1.0,1.0,,{'$date': '2021-02-02T11:28:56.003Z'},,,vector0,,,601927dbf8a80c12afba9299
87,False,False,python,1.0,1.0,,{'$date': '2021-02-02T11:11:21.298Z'},,,scalar1,,,6019281bf8a80c12afba93fa
88,True,True,python,1.0,1.0,,{'$date': '2021-02-02T11:03:51.147Z'},,{'$date': '2021-02-02T17:03:56.499Z'},dataframe0,,matrix2,60192845f8a80c12afba9525
89,True,False,python,1.0,1.0,,,/part1/create_vector,,scrip1,,matrix2,60192885f8a80c12afba9672
90,False,True,python,1.0,1.0,,{'$date': '2021-02-02T11:07:16.151Z'},,{'$date': '2021-02-02T11:47:37.278Z'},dataframe0,{'$date': '2021-02-09T18:24:06.911Z'},dataframe_test,601928dff8a80c12afba988d
91,False,False,python,1.0,1.0,,{'$date': '2021-02-02T11:08:07.956Z'},/part1/create_matrix,,access1,,,601928eef8a80c12afba98e0
92,True,True,python,1.0,1.0,,,/part1ex/calculate2,,,,,60192904f8a80c12afba994e
93,True,False,python,1.0,1.0,,{'$date': '2021-02-07T19:38:30.213Z'},,{'$date': '2021-02-08T10:23:16.426Z'},dataframe0,{'$date': '2021-02-08T14:45:20.638Z'},dataframe_test,6019290ff8a80c12afba996f
94,False,True,python,1.0,1.0,,{'$date': '2021-02-02T11:19:14.736Z'},,{'$date': '2021-02-02T20:15:50.201Z'},dataframe0,,,6019291bf8a80c12afba99cf
95,False,False,python,1.0,1.0,,,/part1ex/create1,,,,,60192a03f8a80c12afbaa059
96,True,True,python,1.0,1.0,,{'$date': '2021-02-02T11:19:16.012Z'},,,access1,,,60192a0cf8a80c12afbaa0b1
97,True,False,python,1.0,1.0,,{'$date': '2021-02-02T11:47:12.005Z'},,,functions1,,,60192a78f8a80c12afbaa48e
98,False,True,python,1.0,1.0,,,/part1/calculate_matrices_with-single-value,,,,,60193056f8a80c12afbad1c3
99,False,False,python,1.0,1.0,,{'$date': '2021-02-08T06:06:28.57Z'},,{'$date': '2021-03-30T12:10:33.69Z'},dataframe0,,,60193331f8a80c12afbaedd5
100,True,True,python,1.0,1.0,,,/part1/create_matrix_by-folding-a-vector,,,,,601933bcf8a80c12afbaf2c7
101,True,False,python,1.0,1.0,,{'$date': '2021-02-02T13:02:46.202Z'},,{'$date': '2021-02-02T16:03:15.085Z'},dataframe0,{'$date': '2021-02-02T18:40:21.059Z'},dataframe_test,60193a1cf8a80c12afbb4284
102,False,True,python,1.0,1.0,,,/part1/create_vector,,,,,60193afaf8a80c12afbb512d
103,False,False,python,1.0,1.0,,,/part1/create,,,,,60193c10f8a80c12afbb6286
104,True,True,python,1.0,1.0,,,/part1ex/create1,,,,,60193eb6f8a80c12afbb727e
105,True,False,python,1.0,1.0,,{'$date': '2021-02-02T13:53:45.347Z'},,{'$date': '2021-02-02T18:20:47.744Z'},dataframe0,{'$date': '2021-02-04T04:39:47.095Z'},dataframe_test,60194527f8a80c12afbba1bf
106,False,True,python,1.0,1.0,,,/part1/create,,,,vector2,6019525cf8a80c12afbbe535
107,False,False,python,1.0,1.0,,,/part1ex/access2,,,,,60195993f8a80c12afbc0b90
108,True,True,python,1.0,1.0,,,/part1ex/create1,,,,,60195e7df8a80c12afbc1d74
109,True,False,python,1.0,1.0,,,/part1/create,,,,,601961ddf8a80c12afbc2b4d
110,False,True,python,1.0,1.0,,{'$date': '2021-02-02T16:58:51.925Z'},,{'$date': '2021-02-03T07:31:45.738Z'},dataframe0,{'$date': '2021-02-03T09:37:45.398Z'},dataframe_test,601963bff8a80c12afbc316c
111,False,False,python,1.0,1.0,,{'$date': '2021-02-02T16:51:11.875Z'},,,data-types,,,60196af9f8a80c12afbc4bac
112,True,True,python,1.0,1.0,,,/part1ex/create1,,,,,60197a63f8a80c12afbc88ad
113,True,False,python,1.0,1.0,,,/part1/create,,,,,60197c36f8a80c12afbc9093
114,False,True,python,1.0,1.0,,,/part1/create,,,,,60198289f8a80c12afbcab0c
115,False,False,python,1.0,1.0,,,/part1/create,,data-types,,vector3,6019a87df8a80c12afbd4ecd
116,True,True,python,1.0,1.0,,{'$date': '2021-02-03T04:16:49.236Z'},,{'$date': '2021-02-04T16:41:31.359Z'},dataframe0,{'$date': '2021-02-05T11:07:57.919Z'},dataframe_test,601a16cef8a80c12afbd712f
117,True,False,python,1.0,1.0,,,/part1ex/create1,,logical1,,,601a28e1f8a80c12afbd8c2d
118,False,True,python,1.0,1.0,,,/part1/create,,,,vector_test,601a2f32f8a80c12afbd93a0
119,False,False,python,1.0,1.0,,{'$date': '2021-02-03T07:21:13.722Z'},,,logical1,{'$date': '2021-02-05T17:52:02.791Z'},dataframe_test,601a3a2ef8a80c12afbda079
120,True,True,,,,,,/part1/create,,,,,601a9023f8a80c12afbdcedd
121,True,False,python,1.0,1.0,,{'$date': '2021-02-05T05:11:56.867Z'},,,,{'$date': '2021-02-05T16:23:54.985Z'},dataframe_test,601a9107f8a80c12afbdcee7
122,False,True,python,1.0,1.0,,,/part1/create,,,,,601a996df8a80c12afbdd1cf
123,False,False,python,1.0,1.0,,,/part1/create,,,,,601a9ad7f8a80c12afbdd249
124,True,True,python,1.0,1.0,,,/part1/create,,,,vector2,601a9cdbf8a80c12afbdd286
125,True,False,python,1.0,1.0,,,/part1/create_vector,,,,,601a9ebcf8a80c12afbdd295
126,False,True,python,1.0,1.0,,,/part1/access,,,,,601aab34f8a80c12afbdd684
127,False,False,python,1.0,1.0,,,/part1/access,,,,,601ab97df8a80c12afbddd65
128,True,True,python,1.0,1.0,,{'$date': '2021-02-16T13:43:36.497Z'},,,,,,601ad24ff8a80c12afbdde77
129,True,False,python,1.0,1.0,,,/part1/access_from-vector_indices-by-condition,,,,,601b75cbf8a80c12afbde5a5
130,False,True,r,1.0,1.0,,,/part1/create,,,,,601b76e2f8a80c12afbde5be
131,False,False,python,1.0,1.0,,,/part1/create,,scalar1,{'$date': '2021-02-04T10:28:58.391Z'},dataframe_test,601b8f72f8a80c12afbde80a
132,True,True,python,1.0,1.0,,{'$date': '2021-02-04T09:07:59.856Z'},,{'$date': '2021-02-04T14:18:46.623Z'},dataframe0,{'$date': '2021-02-04T18:37:40.39Z'},dataframe_test,601ba4acf8a80c12afbdee12
133,True,False,,,,,,/part1/create,,,,,601beeb4f8a80c12afbe12a8
134,False,True,python,1.0,1.0,,{'$date': '2021-02-17T06:17:54.855Z'},,,,,,601beec0f8a80c12afbe12ac
135,False,False,python,1.0,1.0,,,/part1ex/create1,,,,,601bfddcf8a80c12afbe1762
136,True,True,python,1.0,1.0,,{'$date': '2021-02-04T14:37:47.249Z'},,{'$date': '2021-02-22T15:33:44.095Z'},dataframe0,{'$date': '2021-02-22T16:51:00.202Z'},dataframe_test,601c0004f8a80c12afbe1803
137,True,False,python,1.0,1.0,,{'$date': '2021-02-04T14:45:48.284Z'},,{'$date': '2021-02-04T15:44:37.643Z'},dataframe0,{'$date': '2021-02-09T16:46:32.76Z'},dataframe_test,601c0011f8a80c12afbe180d
138,False,True,python,1.0,1.0,,{'$date': '2021-02-04T15:05:32.654Z'},,,data-types,,,601c0016f8a80c12afbe1810
139,False,False,python,1.0,1.0,,{'$date': '2021-02-04T15:01:12.963Z'},,,vector0,,,601c0028f8a80c12afbe1819
140,True,True,python,1.0,1.0,,{'$date': '2021-02-04T14:41:29.625Z'},,{'$date': '2021-02-04T15:24:04.8Z'},dataframe0,,matrix5,601c0036f8a80c12afbe1824
141,True,False,python,1.0,1.0,,{'$date': '2021-02-04T15:04:47.88Z'},,{'$date': '2021-02-04T18:30:52.506Z'},dataframe0,{'$date': '2021-02-14T18:11:40.116Z'},dataframe_test,601c003af8a80c12afbe1828
142,False,True,python,1.0,1.0,,,/part1ex/create1,,,,,601c0052f8a80c12afbe1858
143,False,False,python,1.0,1.0,,{'$date': '2021-02-04T15:01:59.881Z'},,{'$date': '2021-02-24T19:13:39.149Z'},dataframe0,{'$date': '2021-03-24T16:53:22.929Z'},dataframe_test,601c005ef8a80c12afbe185c
144,True,True,python,1.0,1.0,,{'$date': '2021-02-04T14:58:32.149Z'},,,,,,601c005ff8a80c12afbe185f
145,True,False,python,1.0,1.0,,{'$date': '2021-02-04T15:23:37.295Z'},,{'$date': '2021-02-12T20:16:37.472Z'},dataframe0,{'$date': '2021-03-12T11:41:54.327Z'},dataframe_test,601c0063f8a80c12afbe1862
146,False,True,r,1.0,1.0,,,/part1ex/combine1,,,,,601c009bf8a80c12afbe1896
147,False,False,python,1.0,1.0,,{'$date': '2021-02-04T14:45:48.414Z'},,{'$date': '2021-02-21T19:06:54.725Z'},dataframe0,,dataframe_test,601c00b3f8a80c12afbe18a3
148,True,True,python,1.0,1.0,,{'$date': '2021-02-04T14:50:49.581Z'},,,functions1,,,601c00c4f8a80c12afbe18aa
149,True,False,python,1.0,1.0,,{'$date': '2021-02-04T14:53:49.856Z'},,{'$date': '2021-02-04T15:23:11.196Z'},dataframe0,,vector_test,601c00e0f8a80c12afbe18d7
150,False,True,python,1.0,1.0,,{'$date': '2021-02-04T14:46:06.325Z'},,,functions1,,,601c0102f8a80c12afbe18ed
151,False,False,python,1.0,1.0,,{'$date': '2021-02-04T14:50:28.672Z'},,{'$date': '2021-02-04T15:33:11.658Z'},dataframe0,{'$date': '2021-03-30T13:06:16.969Z'},dataframe_test,601c0119f8a80c12afbe1910
152,True,True,python,1.0,1.0,,{'$date': '2021-02-04T14:49:23.298Z'},,,logical1,,,601c011ff8a80c12afbe1926
153,True,False,python,1.0,1.0,,{'$date': '2021-02-04T15:09:54.331Z'},,{'$date': '2021-02-04T20:51:31.46Z'},dataframe0,,matrix3,601c0122f8a80c12afbe192a
154,False,True,python,1.0,1.0,,{'$date': '2021-02-04T14:53:48.712Z'},,{'$date': '2021-03-20T14:21:15.092Z'},dataframe0,{'$date': '2021-03-21T19:42:43.106Z'},dataframe_test,601c0125f8a80c12afbe192d
155,False,False,r,1.0,1.0,,{'$date': '2021-02-04T15:13:09.956Z'},,{'$date': '2021-02-23T14:35:09.087Z'},dataframe0,,matrix3,601c0130f8a80c12afbe193e
156,True,True,python,1.0,1.0,,{'$date': '2021-02-04T15:05:54.494Z'},,{'$date': '2021-02-08T18:49:03.008Z'},dataframe0,{'$date': '2021-02-15T10:21:38.245Z'},dataframe_test,601c013cf8a80c12afbe1953
157,True,False,python,1.0,1.0,,{'$date': '2021-02-04T15:00:58.797Z'},,{'$date': '2021-02-25T16:50:24.403Z'},dataframe0,{'$date': '2021-02-26T15:40:40.069Z'},dataframe_test,601c0143f8a80c12afbe1959
158,False,True,python,1.0,1.0,,{'$date': '2021-02-04T15:01:10.129Z'},,{'$date': '2021-03-11T11:14:36.281Z'},dataframe0,{'$date': '2021-03-11T20:34:16.503Z'},dataframe_test,601c014cf8a80c12afbe1961
159,False,False,python,1.0,1.0,,{'$date': '2021-02-04T14:54:44.495Z'},,{'$date': '2021-02-04T15:40:51.692Z'},dataframe0,,,601c014ef8a80c12afbe1964
160,True,True,python,1.0,1.0,,{'$date': '2021-02-04T15:34:48.022Z'},,,logical1,,,601c0153f8a80c12afbe196c
161,True,False,python,1.0,1.0,,{'$date': '2021-02-04T14:37:10.06Z'},,,scrip1,,,601c0172f8a80c12afbe19d1
162,False,True,python,1.0,1.0,,{'$date': '2021-02-04T15:49:22.84Z'},,,,,,601c0175f8a80c12afbe19d7
163,False,False,python,1.0,1.0,,{'$date': '2021-02-04T14:56:06.953Z'},,,scrip1,,,601c018df8a80c12afbe19f8
164,True,True,python,1.0,1.0,,{'$date': '2021-02-04T14:51:02.792Z'},,{'$date': '2021-02-04T15:28:23.738Z'},dataframe0,{'$date': '2021-02-05T14:49:52.331Z'},dataframe_test,601c018ef8a80c12afbe19fe
165,True,False,python,1.0,1.0,,{'$date': '2021-02-04T15:09:11.371Z'},,,vector0,,,601c019af8a80c12afbe1a13
166,False,True,python,1.0,1.0,,,/part1/create,{'$date': '2021-02-22T13:29:09.071Z'},dataframe0,{'$date': '2021-02-24T15:08:33.126Z'},dataframe_test,601c019bf8a80c12afbe1a15
167,False,False,python,1.0,1.0,,{'$date': '2021-02-04T14:53:00.296Z'},,,,{'$date': '2021-03-25T13:54:00.712Z'},dataframe_test,601c01a9f8a80c12afbe1a26
168,True,True,python,1.0,1.0,,{'$date': '2021-02-04T14:55:34.948Z'},,{'$date': '2021-02-05T20:33:30.649Z'},dataframe0,{'$date': '2021-02-05T21:57:57.638Z'},dataframe_test,601c0246f8a80c12afbe1b2d
169,True,False,python,1.0,1.0,,{'$date': '2021-02-04T15:23:09.695Z'},,,vector0,,,601c025ef8a80c12afbe1b80
170,False,True,python,1.0,1.0,,,/part1ex/create1,,,,,601c0266f8a80c12afbe1b97
171,False,False,python,1.0,1.0,,{'$date': '2021-02-04T15:26:43.028Z'},,,,,,601c0284f8a80c12afbe1c4d
172,True,True,python,1.0,1.0,,{'$date': '2021-02-04T15:24:32.131Z'},,,functions1,,,601c02a8f8a80c12afbe1c99
173,True,False,python,1.0,1.0,,{'$date': '2021-02-04T14:58:35.325Z'},,,scalar1,,,601c02c4f8a80c12afbe1d5d
174,False,True,python,1.0,1.0,,{'$date': '2021-02-04T15:48:55.755Z'},,,,,,601c030cf8a80c12afbe1e3f
175,False,False,python,1.0,1.0,,,/part1/create,{'$date': '2021-02-04T18:02:41.819Z'},dataframe0,,vector_test,601c2b20f8a80c12afbefe74
176,True,True,python,1.0,1.0,,,/part1/calculate,,,,,601c6e7bf8a80c12afbf2ff5
177,True,False,r,1.0,1.0,,{'$date': '2021-02-05T11:47:37.02Z'},,{'$date': '2021-02-05T13:25:02.197Z'},dataframe0,,matrix4,601d2755a6af0b0a8bd18def
178,False,True,python,1.0,1.0,,,/part1/create,,,,,601d4127a6af0b0a8bd19920
179,False,False,python,1.0,1.0,,{'$date': '2021-02-05T17:53:03.862Z'},,{'$date': '2021-02-12T10:16:40.096Z'},dataframe0,{'$date': '2021-02-15T17:59:31.691Z'},dataframe_test,601d6caaa6af0b0a8bd1badb
180,True,True,python,1.0,1.0,,{'$date': '2021-02-08T22:13:48.289Z'},,{'$date': '2021-02-09T00:02:33.911Z'},dataframe0,,matrix1,601f3546a6af0b0a8bd1e5fd
181,True,False,python,1.0,1.0,,,/part1/create,,,,,60200e96a6af0b0a8bd1f1ec
182,False,True,python,1.0,1.0,,,/part1/create,,,,dataframe2,6020b3d4a6af0b0a8bd2254c
183,False,False,python,1.0,1.0,,{'$date': '2021-02-08T20:19:41.173Z'},,{'$date': '2021-02-08T21:04:24.531Z'},dataframe0,{'$date': '2021-02-13T21:37:06.114Z'},dataframe_test,6021968ea6af0b0a8bd27418
184,True,True,python,1.0,1.0,,,/part1ex/create1,,,,,602220c2a6af0b0a8bd28b75
185,True,False,python,1.0,1.0,,,/part1/create,,,,,60237970a6af0b0a8bd2b659
186,False,True,python,1.0,1.0,,,/part1/create,,,,,602518e9a6af0b0a8bd2c4e4
187,False,False,python,1.0,1.0,,,/part1/create,,,,,60253716a6af0b0a8bd2c579
188,True,True,python,1.0,1.0,,,/part1/create,,,,,60257b2fa6af0b0a8bd2c85c
189,True,False,python,1.0,1.0,,,/part1/calculate_vectors_elementwise,,,,,6027df88a6af0b0a8bd31fcc
190,False,True,python,1.0,1.0,,{'$date': '2021-02-16T06:13:42.495Z'},,,,{'$date': '2021-02-16T05:26:25.496Z'},dataframe_test,602956fda6af0b0a8bd34b4d
191,False,False,python,1.0,1.0,,{'$date': '2021-02-18T11:20:19.344Z'},,{'$date': '2021-02-22T17:28:30.737Z'},dataframe0,{'$date': '2021-02-24T18:45:28.251Z'},dataframe_test,602a3ccea6af0b0a8bd3716d
192,True,True,python,1.0,1.0,,,/part1/create,,,,,602ada93a6af0b0a8bd3a878
193,True,False,python,1.0,1.0,,,/part1/create_vector,,,,,602e3d9ba6af0b0a8bd3b399
194,False,True,python,1.0,1.0,,,/part1/access_from-vector_by-index,,,,,602e9b3aa6af0b0a8bd3b578
195,False,False,python,1.0,1.0,,,/part1/combine,,,,,602eaa28a6af0b0a8bd3b5e2
196,True,True,python,1.0,1.0,,{'$date': '2021-02-20T09:55:56.32Z'},,,,,,602ee3d9a6af0b0a8bd3b607
197,True,False,python,1.0,1.0,,,/part1ex/access1,{'$date': '2021-02-19T06:10:23.009Z'},dataframe0,{'$date': '2021-02-19T12:16:07.959Z'},dataframe_test,602f0596a6af0b0a8bd3b61b
198,False,True,python,1.0,1.0,,,/part1/create,,,,,602f18faa6af0b0a8bd3b6f5
199,False,False,python,1.0,1.0,,,/part1/create,,,{'$date': '2021-02-19T14:32:42.839Z'},dataframe_test,602f7b89a6af0b0a8bd3bddd
200,True,True,python,1.0,1.0,,,/part1/create_vector_by-repeating-vectors,,,,,602f8914a6af0b0a8bd3c671
201,True,False,python,1.0,1.0,,,/part1ex/access2,,,,,602fae39a6af0b0a8bd3dbfc
202,False,True,python,1.0,1.0,,,/part1/create_vector_without-names,,,,,602faf5ba6af0b0a8bd3dc17
203,False,False,python,1.0,1.0,,,/part1ex/create1,,,,,60308698a6af0b0a8bd3f58d
204,True,True,python,1.0,1.0,,,/part1/create_vector,,,,,6031027aa6af0b0a8bd3fbdf
205,True,False,python,1.0,1.0,,,/part1/create_vector,,,,,60311003a6af0b0a8bd3ff4d
206,False,True,python,1.0,1.0,,{'$date': '2021-02-20T14:18:23.923Z'},,,access1,,,60311173a6af0b0a8bd3ff53
207,False,False,python,1.0,1.0,,,/part1/create,,,,,60312899a6af0b0a8bd40126
208,True,True,python,1.0,1.0,,,/part1/create_vector,,,,,603170eaa6af0b0a8bd4121d
209,True,False,python,1.0,1.0,,,/part1ex/create1,,,,,6031f9bfa6af0b0a8bd4125f
210,False,True,python,1.0,1.0,,{'$date': '2021-02-21T11:05:36.108Z'},,{'$date': '2021-02-21T11:41:56.553Z'},dataframe0,,matrix3,6032151aa6af0b0a8bd41497
211,False,False,,,,,,/part1/create,,,,,60321aa0a6af0b0a8bd414bd
212,True,True,python,1.0,1.0,,,/part1/create,,,,,60329eb1a6af0b0a8bd41e61
213,True,False,r,1.0,1.0,,,/part1/access_from-matrix_rows-or-columns,,,,,60337093a6af0b0a8bd42ac1
214,False,True,python,1.0,1.0,,,/part1/create,,,,,6033ba09a6af0b0a8bd44439
215,False,False,python,1.0,1.0,,,/part1/create_matrix_from-multiple-vectors,,,,,6033d2d5a6af0b0a8bd44495
216,True,True,python,1.0,1.0,,,/part1ex/create1,,,,,60340d95a6af0b0a8bd4558b
217,True,False,python,1.0,1.0,,,/part1/create_matrix,,,,,6034d8eda6af0b0a8bd457ad
218,False,True,python,1.0,1.0,,,/part1/access_from-vector_indices-by-condition,,,,,6034f4d0a6af0b0a8bd457e3
219,False,False,python,1.0,1.0,,,/part1/create,,,,,60351426a6af0b0a8bd4614a
220,True,True,python,1.0,1.0,,,/part1ex/create1,,,,,6035ee7ea6af0b0a8bd462e3
221,True,False,python,1.0,1.0,,,/part1/create,,,,,603611d9a6af0b0a8bd462ea
222,False,True,python,1.0,1.0,,,/part1/create_dataframe,,,,,60362ef0a6af0b0a8bd462f2
223,False,False,python,1.0,1.0,,{'$date': '2021-02-27T14:23:34.561Z'},,{'$date': '2021-02-28T19:10:03.93Z'},dataframe0,{'$date': '2021-03-01T00:41:39.253Z'},dataframe_test,603648baa6af0b0a8bd4631e
224,True,True,python,1.0,1.0,,,/part1/create,,,,,6037236aa6af0b0a8bd482cd
225,True,False,python,1.0,1.0,,,/part1/create,,,,,6037aa0ea6af0b0a8bd48d99
226,False,True,python,1.0,1.0,,,/part1/access,,,,,6037ccbfa6af0b0a8bd49964
227,False,False,python,1.0,1.0,,,/part1ex/create1,,,,,6037ecc7a6af0b0a8bd49eed
228,True,True,python,1.0,1.0,,,/part1/create,,,,,60380562a6af0b0a8bd49f1b
229,True,False,python,1.0,1.0,,{'$date': '2021-02-26T15:56:33.224Z'},,{'$date': '2021-02-26T20:07:47.163Z'},dataframe0,{'$date': '2021-03-01T20:47:09.605Z'},dataframe_test,60390376a6af0b0a8bd49f38
230,False,True,r,1.0,1.0,,{'$date': '2021-02-27T18:58:08.594Z'},,{'$date': '2021-02-27T21:57:15.666Z'},dataframe0,,vector2,603a8e8ba6af0b0a8bd4c64e
231,False,False,python,1.0,1.0,,,/part1/create,,,,,603d439fa6af0b0a8bd52ba3
232,True,True,python,1.0,1.0,,{'$date': '2021-03-13T07:49:09.625Z'},,{'$date': '2021-03-13T10:46:16.265Z'},dataframe0,{'$date': '2021-03-13T11:28:36.501Z'},dataframe_test,603d7455a6af0b0a8bd53507
233,True,False,python,1.0,1.0,,,/part1/create,,,,,603e09b4a6af0b0a8bd5350d
234,False,True,python,1.0,1.0,,,/part1/create_vector_without-names,,,,,603eb70ba6af0b0a8bd5371b
235,False,False,python,1.0,1.0,,,/part1/access_from-matrix_single-value,,,,,603fca9ca6af0b0a8bd5374f
236,True,True,python,1.0,1.0,,,/part1/create,,,,,604064afa6af0b0a8bd537d8
237,True,False,,,,,,/part1/create,,,,,6040d773a6af0b0a8bd53963
238,False,True,python,1.0,1.0,,,/part1/calculate_dataframes_elementwise,,,,,604243eaba869b0aa718df97
239,False,False,python,1.0,1.0,,,/part1/create_vector_with-names,,,,,6043ba33ba869b0aa718e216
240,True,True,python,1.0,1.0,,,/part1/create,,,{'$date': '2021-03-23T10:17:36.899Z'},dataframe_test,6043d2acba869b0aa718e21f
241,True,False,python,1.0,1.0,,,/part1/create_vector,,,,,6043f0bcba869b0aa718e259
242,False,True,python,1.0,1.0,,,/part1/create,,,,,6045cb5fba869b0aa718e2eb
243,False,False,python,1.0,1.0,,,/part1ex/create1,,,,,60464c7fba869b0aa718e375
244,True,True,python,1.0,1.0,,,/part1/create_vector_arithmetic-sequence,,,,,6047772dba869b0aa718e6f5
245,True,False,python,1.0,1.0,,,/part1ex/combine1,,,,,604844e2ba869b0aa718e77a
246,False,True,python,1.0,1.0,,,/part1/create,,,,,6048d5a3ba869b0aa718e7a0
247,False,False,python,1.0,1.0,,,/part1ex/create1,,,,,60490662ba869b0aa718e7b3
248,True,True,python,1.0,1.0,,,/part1ex/create1,,,,matrix2,604a2fdeba869b0aa718eb64
249,True,False,python,1.0,1.0,,,/part1/create,,,,,604a3c4cba869b0aa718ec11
250,False,True,python,1.0,1.0,,,/part1ex/create2,,,,,604b4b62ba869b0aa718f27e
251,False,False,python,1.0,1.0,,{'$date': '2021-03-13T18:10:20.066Z'},,{'$date': '2021-03-14T02:53:24.157Z'},dataframe0,{'$date': '2021-03-14T17:13:10.662Z'},dataframe_test,604b6696ba869b0aa718f328
252,True,True,python,1.0,1.0,,{'$date': '2021-03-13T15:04:15.398Z'},,{'$date': '2021-03-13T16:05:47.112Z'},dataframe0,{'$date': '2021-03-15T09:02:54.323Z'},dataframe_test,604ba23eba869b0aa718f3ad
253,True,False,python,1.0,1.0,,,/part1ex/create1,,,,,604bbb22ba869b0aa718f3bb
254,False,True,python,1.0,1.0,,{'$date': '2021-03-14T07:41:19.055Z'},,{'$date': '2021-03-14T09:27:02.726Z'},dataframe0,{'$date': '2021-03-15T12:04:15.508Z'},dataframe_test,604c3e10ba869b0aa718f3e2
255,False,False,python,1.0,1.0,,,/part1/create,,,,,604c4937ba869b0aa718f400
256,True,True,python,1.0,1.0,,,/part1ex/create1,,,,vector2,604c564bba869b0aa718f416
257,True,False,python,1.0,1.0,,{'$date': '2021-03-13T07:17:16.411Z'},,{'$date': '2021-03-13T08:17:11.029Z'},dataframe0,{'$date': '2021-03-13T09:58:43.867Z'},dataframe_test,604c56b5ba869b0aa718f41e
258,False,True,,,,,,/part1/create,,,,,604c595eba869b0aa718f46e
259,False,False,python,1.0,1.0,,{'$date': '2021-03-13T10:56:46.968Z'},,{'$date': '2021-03-13T12:17:50.246Z'},dataframe0,{'$date': '2021-03-13T14:46:01.532Z'},dataframe_test,604c8482ba869b0aa71912a0
260,True,True,python,1.0,1.0,,,/part1/create,,,,,604ca5b8ba869b0aa7193223
261,True,False,python,1.0,1.0,,{'$date': '2021-03-14T04:35:51.456Z'},,{'$date': '2021-03-15T04:18:48.987Z'},dataframe0,{'$date': '2021-03-15T13:42:13.629Z'},dataframe_test,604caa6fba869b0aa7193514
262,False,True,python,1.0,1.0,,{'$date': '2021-03-13T17:04:23.758Z'},,{'$date': '2021-03-14T07:12:38.877Z'},dataframe0,{'$date': '2021-03-14T10:13:24.161Z'},dataframe_test,604ccd32ba869b0aa71946ce
263,False,False,python,1.0,1.0,,{'$date': '2021-03-13T18:10:55.721Z'},/part1ex/restructure2,{'$date': '2021-03-13T19:56:45.419Z'},dataframe0,{'$date': '2021-03-14T17:11:58.274Z'},dataframe_test,604ce667ba869b0aa7194ebe
264,True,True,python,1.0,1.0,,{'$date': '2021-03-15T10:23:41.06Z'},,{'$date': '2021-03-15T11:45:56.544Z'},dataframe0,{'$date': '2021-03-15T14:15:24.62Z'},dataframe_test,604cf57bba869b0aa719567b
265,True,False,python,1.0,1.0,,,/part1ex/create2,,,,,604d1129ba869b0aa7196b6a
266,False,True,python,1.0,1.0,,,/part1/create,,,,,604d25f2ba869b0aa7197850
267,False,False,python,1.0,1.0,,,/part1/create,,,,,604d27e9ba869b0aa71978fe
268,True,True,,,,,,/part1/create,,,,,604d9621ba869b0aa719832c
269,True,False,python,1.0,1.0,,{'$date': '2021-03-15T06:42:58.242Z'},,{'$date': '2021-03-15T08:21:06.809Z'},dataframe0,,vector_test,604d966cba869b0aa7198348
270,False,True,python,1.0,1.0,,{'$date': '2021-03-14T07:28:05.847Z'},,{'$date': '2021-03-14T09:55:13.915Z'},dataframe0,{'$date': '2021-03-15T08:20:05.277Z'},dataframe_test,604da99bba869b0aa7198807
271,False,False,python,1.0,1.0,,,/part1/create,,,,dataframe1,604dab5fba869b0aa719891e
272,True,True,python,1.0,1.0,,,/part1ex/create2,,,,,604daccdba869b0aa7198ace
273,True,False,python,1.0,1.0,,{'$date': '2021-03-14T08:03:49.007Z'},,{'$date': '2021-03-14T09:16:55.074Z'},dataframe0,{'$date': '2021-03-15T02:27:23.467Z'},dataframe_test,604dad56ba869b0aa7198ae2
274,False,True,python,1.0,1.0,,{'$date': '2021-03-15T09:00:24.312Z'},,{'$date': '2021-03-15T09:44:38.693Z'},dataframe0,{'$date': '2021-03-15T15:05:32.637Z'},dataframe_test,604db12eba869b0aa71990ab
275,False,False,python,1.0,1.0,,,/part1/create,,,,,604db1c2ba869b0aa719920c
276,True,True,python,1.0,1.0,,{'$date': '2021-03-14T08:45:59.575Z'},,{'$date': '2021-03-14T09:37:02.185Z'},dataframe0,{'$date': '2021-03-15T13:22:33.202Z'},dataframe_test,604dbbbdba869b0aa7199855
277,True,False,python,1.0,1.0,,,/part1/create,,,,,604dc59eba869b0aa719a67b
278,False,True,python,1.0,1.0,,,/part1ex/create1,,,,,604dc83eba869b0aa719ab96
279,False,False,python,1.0,1.0,,{'$date': '2021-03-15T08:40:42.548Z'},,{'$date': '2021-03-15T10:54:12.368Z'},dataframe0,{'$date': '2021-03-15T12:19:38.304Z'},dataframe_test,604de8b8ba869b0aa719e935
280,True,True,python,1.0,1.0,,,/part1/create,,,,,604de8e4ba869b0aa719e945
281,True,False,python,1.0,1.0,,{'$date': '2021-03-14T11:31:20.473Z'},,,access1,,,604de995ba869b0aa719e9b1
282,False,True,python,1.0,1.0,,{'$date': '2021-03-14T20:25:25.624Z'},,{'$date': '2021-03-15T09:06:30.127Z'},dataframe0,{'$date': '2021-03-15T17:11:01.385Z'},dataframe_test,604de9d9ba869b0aa719e9b7
283,False,False,python,1.0,1.0,,,/part1/create,,,,,604deec3ba869b0aa719ecf2
284,True,True,python,1.0,1.0,,{'$date': '2021-03-14T15:20:43.509Z'},,{'$date': '2021-03-14T18:52:59.799Z'},dataframe0,{'$date': '2021-03-14T19:52:25.512Z'},dataframe_test,604df9aeba869b0aa719f15f
285,True,False,python,1.0,1.0,,{'$date': '2021-03-15T08:33:49.522Z'},/part1ex/restructure2,,,,,604e0417ba869b0aa719f964
286,False,True,python,1.0,,,,/part1/create,,,,,604e08d3ba869b0aa719fd96
287,False,False,,,,,,/part1/create,,,,,604e1233ba869b0aa71a0485
288,True,True,python,1.0,1.0,,,/part1/create,,,,,604e240dba869b0aa71a1241
289,True,False,python,1.0,1.0,,{'$date': '2021-03-15T13:28:54.376Z'},,{'$date': '2021-03-15T17:27:53.541Z'},dataframe0,{'$date': '2021-03-15T18:55:01.903Z'},dataframe_test,604e2b01ba869b0aa71a1704
290,False,True,python,1.0,1.0,,,/part1/create,,,,vector_test,604e3fbbba869b0aa71a2269
291,False,False,python,1.0,1.0,,{'$date': '2021-03-15T10:04:16.02Z'},,{'$date': '2021-03-15T10:44:45.883Z'},dataframe0,,matrix_test,604e435cba869b0aa71a277f
292,True,True,python,1.0,1.0,,,/part1/create_dataframe,,,,,604e4627ba869b0aa71a28d9
293,True,False,,,,,,/part1/create,,,,,604e665eba869b0aa71a3c18
294,False,True,python,1.0,1.0,,{'$date': '2021-03-15T06:49:33.214Z'},,{'$date': '2021-03-15T09:15:52.685Z'},dataframe0,{'$date': '2021-03-15T11:44:07.916Z'},dataframe_test,604eec79ba869b0aa71a5338
295,False,False,python,1.0,1.0,,{'$date': '2021-03-15T09:00:43.165Z'},,{'$date': '2021-03-15T10:13:22.375Z'},dataframe0,{'$date': '2021-03-15T10:52:25.97Z'},dataframe_test,604ef140ba869b0aa71a5347
296,True,True,python,1.0,1.0,,{'$date': '2021-03-15T11:20:56.06Z'},,{'$date': '2021-03-15T11:36:59.104Z'},dataframe0,{'$date': '2021-03-15T12:14:17.686Z'},dataframe_test,604ef27aba869b0aa71a5380
297,True,False,python,1.0,1.0,,,/part1/combine,,,,,604f064eba869b0aa71a5d8d
298,False,True,python,1.0,1.0,,{'$date': '2021-03-15T08:15:02.671Z'},,{'$date': '2021-03-15T08:40:21.462Z'},dataframe0,{'$date': '2021-03-15T10:35:49.306Z'},dataframe_test,604f148cba869b0aa71a67f1
299,False,False,python,1.0,1.0,,{'$date': '2021-03-15T09:28:05.584Z'},,{'$date': '2021-03-15T10:50:16.214Z'},dataframe0,{'$date': '2021-03-15T13:39:10.239Z'},dataframe_test,604f1c3aba869b0aa71a7500
300,True,True,python,1.0,1.0,,{'$date': '2021-03-15T23:31:36.63Z'},,{'$date': '2021-03-16T05:02:30.071Z'},dataframe0,{'$date': '2021-03-16T07:17:11.354Z'},dataframe_test,604f27f0ba869b0aa71a9210
301,True,False,python,1.0,1.0,,{'$date': '2021-03-16T01:00:59.539Z'},,,,,matrix2,604f33b1ba869b0aa71ab0ed
302,False,True,python,1.0,1.0,,{'$date': '2021-03-15T12:33:58.522Z'},,{'$date': '2021-03-15T14:33:44.357Z'},dataframe0,,,604f34bbba869b0aa71ab4c1
303,False,False,python,1.0,1.0,,{'$date': '2021-03-15T13:16:41.99Z'},,{'$date': '2021-03-15T15:54:58.513Z'},dataframe0,,matrix1,604f4f18ba869b0aa71b0013
304,True,True,python,1.0,1.0,,{'$date': '2021-03-15T15:30:58.61Z'},,{'$date': '2021-03-15T16:04:39.062Z'},dataframe0,{'$date': '2021-03-15T17:00:26.523Z'},dataframe_test,604f797fba869b0aa71b3185
305,True,False,python,1.0,1.0,,{'$date': '2021-03-15T16:44:28.563Z'},,,access1,,,604f7d21ba869b0aa71b32b9
306,False,True,python,1.0,1.0,,{'$date': '2021-03-17T10:31:56.337Z'},,{'$date': '2021-03-22T16:24:01.393Z'},dataframe0,{'$date': '2021-03-26T12:19:15.575Z'},dataframe_test,604f7eb8ba869b0aa71b3404
307,False,False,python,1.0,1.0,,,/part1ex/create1,,,,,6050ba51ba869b0aa71b5996
308,True,True,python,1.0,1.0,,,/part1ex/create1,,,,,6050d98bba869b0aa71b59e8
309,True,False,python,1.0,1.0,,,/part1ex/create1,,,,,6050f676ba869b0aa71b5a1c
310,False,True,r,1.0,1.0,,,/part1/create,,,,,6051134eba869b0aa71b5a39
311,False,False,python,1.0,1.0,,,/part1/create,,,,,6051266eba869b0aa71b5a42
312,True,True,python,1.0,1.0,,,/part1/access_from-dataframe_column(s)-by-name,,,,,6051b252ba869b0aa71b5a57
313,True,False,python,1.0,1.0,,{'$date': '2021-03-18T07:59:53.009Z'},,{'$date': '2021-03-19T08:25:59.341Z'},dataframe0,{'$date': '2021-03-23T11:43:33.616Z'},dataframe_test,6051d189ba869b0aa71b5abf
314,False,True,python,1.0,1.0,,,/part1/create,,,,,6051ffd2ba869b0aa71b5cd3
315,False,False,python,1.0,1.0,,,/part1ex/access2,,,,matrix3,605242a8ba869b0aa71b5e1f
316,True,True,python,1.0,1.0,,,/part1ex/combine1,,,,,60524f0dba869b0aa71b5e6b
317,True,False,python,1.0,1.0,,,/part1/create,,,,,60525918ba869b0aa71b5fd8
318,False,True,python,1.0,1.0,,,/part1/create,,,,,6052f862ba869b0aa71b6036
319,False,False,python,1.0,1.0,,,/part1/create,,,,,605328b2ba869b0aa71b6100
320,True,True,python,1.0,1.0,,,/part1/create,,,,,605387a3ba869b0aa71b6291
321,True,False,python,1.0,1.0,,{'$date': '2021-04-02T11:47:07.336Z'},,{'$date': '2021-04-02T12:47:44.194Z'},dataframe0,,,6053b5b0ba869b0aa71b6b23
322,False,True,python,1.0,1.0,,{'$date': '2021-03-18T22:04:16.89Z'},,{'$date': '2021-03-18T22:40:02.363Z'},dataframe0,{'$date': '2021-03-19T23:19:51.223Z'},dataframe_test,6053b6beba869b0aa71b6b33
323,False,False,python,1.0,1.0,,,/part1/create,,,,,6054bbe9ba869b0aa71b6ead
324,True,True,python,1.0,1.0,,,/part1ex/create2,,,,,6054f492ba869b0aa71b7014
325,True,False,r,1.0,1.0,,,/part1/create,,,,,6054f79cba869b0aa71b7032
326,False,True,python,1.0,1.0,,,/part1/access_from-matrix_rows-or-columns,,,,,60550163ba869b0aa71b7095
327,False,False,python,1.0,1.0,,,/part1/access_from-matrix_single-value,,,,,605503a5ba869b0aa71b70ac
328,True,True,python,1.0,1.0,,,/part1/create,,,,,60550679ba869b0aa71b70f2
329,True,False,python,1.0,1.0,,,/part1/create,,,,,60551b9dba869b0aa71b725b
330,False,True,,,,,,/part1/create,,,,,60552374ba869b0aa71b72c9
331,False,False,python,1.0,1.0,,,/part1/create,,,,matrix1,605523ddba869b0aa71b72e4
332,True,True,python,1.0,1.0,,,/part1/create,,,,,60553978ba869b0aa71b7700
333,True,False,python,1.0,1.0,,,/part1/create,,,,,60554e12ba869b0aa71b7719
334,False,True,python,1.0,1.0,,,/part1/create_vector,,,,,60555e69ba869b0aa71b777a
335,False,False,python,1.0,1.0,,,/part1ex/create1,,,,,60556db2ba869b0aa71b7780
336,True,True,python,1.0,1.0,,,/part1/create,,,,matrix4,60557932ba869b0aa71b778b
337,True,False,r,1.0,1.0,,{'$date': '2021-03-21T02:08:40.691Z'},,,logical1,,,60558397ba869b0aa71b7814
338,False,True,python,1.0,1.0,,,/part1ex/create1,,,,,605585afba869b0aa71b7838
339,False,False,r,1.0,1.0,,{'$date': '2021-03-20T05:46:58.635Z'},,{'$date': '2021-03-20T17:52:03.219Z'},dataframe0,,matrix5,6055886bba869b0aa71b785a
340,True,True,r,1.0,1.0,,{'$date': '2021-03-20T09:46:05.356Z'},,{'$date': '2021-03-20T10:14:36.297Z'},dataframe0,{'$date': '2021-03-21T13:22:02.237Z'},dataframe_test,6055a699ba869b0aa71b78e8
341,True,False,,,,,,/part1/create,,,,,6055ad72ba869b0aa71b7901
342,False,True,python,1.0,1.0,,,/part1/create,,,,,6055c7bcba869b0aa71b79d3
343,False,False,python,1.0,1.0,,{'$date': '2021-03-20T12:48:54.478Z'},,,,,vector3,6055eb03ba869b0aa71b7cb7
344,True,True,python,1.0,1.0,,{'$date': '2021-03-24T23:19:41.533Z'},,{'$date': '2021-03-25T00:05:59.162Z'},dataframe0,,matrix5,6055fb2bba869b0aa71b8107
345,True,False,python,1.0,1.0,,,/part1ex/create1,,,,,605606e9ba869b0aa71b8801
346,False,True,r,1.0,1.0,,,/part1/create_vector_without-names,,,,,60560ae7ba869b0aa71b8932
347,False,False,python,1.0,1.0,,,/part1/create,,,,dataframe1,605617d3ba869b0aa71b8ada
348,True,True,python,1.0,1.0,,,/part1/create_vector_from-smaller-vectors,,,,,60561a0eba869b0aa71b8aea
349,True,False,python,1.0,1.0,,,/part1/create,,,,,60561d37ba869b0aa71b8afb
350,False,True,python,1.0,1.0,,{'$date': '2021-03-20T17:54:55.273Z'},,{'$date': '2021-03-24T17:22:37.879Z'},dataframe0,,matrix5,60562767ba869b0aa71b8b17
351,False,False,python,1.0,1.0,,{'$date': '2021-03-20T18:50:30.469Z'},,{'$date': '2021-03-21T08:22:23.073Z'},dataframe0,{'$date': '2021-04-03T17:20:45.597Z'},dataframe_test,60562da9ba869b0aa71b8d9a
352,True,True,python,1.0,1.0,,,/part1/create,,,,,605638d2ba869b0aa71b9090
353,True,False,python,1.0,1.0,,,/part1/create,,,,,60563e08ba869b0aa71b9221
354,False,True,r,1.0,1.0,,,/part1/create,,,,,6056492cba869b0aa71b93ad
355,False,False,python,1.0,1.0,,{'$date': '2021-03-20T19:41:26.524Z'},,,,,,6056499dba869b0aa71b93e0
356,True,True,python,1.0,1.0,,,/part1ex/create1,,,,,60564a87ba869b0aa71b94c9
357,True,False,r,1.0,1.0,,{'$date': '2021-03-23T10:48:02.519Z'},,{'$date': '2021-03-23T12:27:34.439Z'},dataframe0,{'$date': '2021-03-25T16:44:19.372Z'},dataframe_test,60564ecbba869b0aa71b9627
358,False,True,python,1.0,1.0,,,/part1/create,,,,,60564fe1ba869b0aa71b9640
359,False,False,python,1.0,1.0,,{'$date': '2021-03-21T15:50:22.721Z'},,{'$date': '2021-03-21T22:58:36.818Z'},dataframe0,,,60565047ba869b0aa71b9648
360,True,True,,,,,,/part1/create,,,,,60565448ba869b0aa71b965c
361,True,False,r,1.0,1.0,,{'$date': '2021-03-30T15:36:30.687Z'},,{'$date': '2021-03-30T16:15:20.084Z'},dataframe0,{'$date': '2021-04-04T02:44:57.724Z'},dataframe_test,6056bc57ba869b0aa71b9923
362,False,True,python,1.0,1.0,,{'$date': '2021-03-21T05:36:57.364Z'},,{'$date': '2021-03-21T06:50:37.046Z'},dataframe0,{'$date': '2021-03-21T13:04:49.611Z'},dataframe_test,6056cd01ba869b0aa71b9abb
363,False,False,python,1.0,1.0,,{'$date': '2021-03-21T07:34:24.602Z'},,{'$date': '2021-03-21T07:57:04.913Z'},dataframe0,,matrix5,6056ec60ba869b0aa71ba26b
364,True,True,python,1.0,1.0,,{'$date': '2021-03-21T22:18:39.365Z'},,,logical1,,,60572242ba869b0aa71bd973
365,True,False,python,1.0,1.0,,,/part1/restructure,,,,,60574d71ba869b0aa71bea44
366,False,True,python,1.0,1.0,,,/part1/create,,,,,6057dd9aba869b0aa71c0386
367,False,False,python,1.0,1.0,,,/part1/combine,,,,,6057f3e1ba869b0aa71c057c
368,True,True,python,1.0,1.0,,{'$date': '2021-03-25T05:58:49.367Z'},,{'$date': '2021-03-25T07:04:52.396Z'},dataframe0,,matrix_test,60584643ba869b0aa71c06b5
369,True,False,r,1.0,1.0,,,/part1/access_from-vector_by-index,,vector0,,,60589795ba869b0aa71c0adf
370,False,True,python,1.0,1.0,,{'$date': '2021-03-22T14:26:49.511Z'},,{'$date': '2021-03-22T21:49:22.571Z'},dataframe0,,matrix3,6058a23dba869b0aa71c0ca0
371,False,False,python,1.0,1.0,,,/part1/create_vector,,,,,6058c174ba869b0aa71c1807
372,True,True,python,1.0,1.0,,,/part1/access_from-vector_by-index,,,,,6058e089ba869b0aa71c2282
373,True,False,python,1.0,1.0,,,/part1/create,,,,,6058edf0ba869b0aa71c22b1
374,False,True,,,,,,/part1/create,,,,,6059080dba869b0aa71c3544
375,False,False,r,1.0,1.0,,,/part1/create,,,,,60593fc2ba869b0aa71c3ab9
376,True,True,python,1.0,1.0,,,/part1/create_vector,,,,,60599fc0ba869b0aa71c4e4b
377,True,False,r,1.0,1.0,,,/part1ex/create1,,,,,6059c097ba869b0aa71c5d13
378,False,True,python,1.0,1.0,,{'$date': '2021-03-23T15:14:06.154Z'},,{'$date': '2021-03-23T17:04:46.194Z'},dataframe0,{'$date': '2021-04-01T16:44:49.47Z'},dataframe_test,6059eacbba869b0aa71c6501
379,False,False,python,1.0,1.0,,,/part1/create_matrix_by-folding-a-vector,,,,,605a069bba869b0aa71c6a5b
380,True,True,python,1.0,1.0,,,/part1ex/access1,,scalar1,,,605a1e72ba869b0aa71c71de
381,True,False,python,1.0,1.0,,,/part1/create,,,,,605a21e9ba869b0aa71c728f
382,False,True,,,,,,/part1/create,,,,,605a5c63ba869b0aa71c848a
383,False,False,r,1.0,1.0,,{'$date': '2021-03-25T06:17:43.565Z'},,{'$date': '2021-03-25T17:34:34.834Z'},dataframe0,,dataframe6,605a5ca1ba869b0aa71c848f
384,True,True,r,1.0,1.0,,,/part1/create_matrix,,,,,605a8e77ba869b0aa71c84a8
385,True,False,python,1.0,1.0,,{'$date': '2021-03-24T03:30:23.282Z'},,,,,,605a99a9ba869b0aa71c84b3
386,False,True,python,1.0,1.0,,,/part1ex/create1,,,,,605ae71fba869b0aa71c860f
387,False,False,python,1.0,1.0,,,/part1/create,,,,dataframe4,605aecceba869b0aa71c863f
388,True,True,python,1.0,1.0,,,/part1/create,,,,,605b2938ba869b0aa71c9505
389,True,False,python,1.0,1.0,,{'$date': '2021-04-04T14:26:57.999Z'},,{'$date': '2021-04-05T14:52:56.202Z'},dataframe0,,dataframe6,605b2cdaba869b0aa71c950f
390,False,True,python,1.0,1.0,,,/part1/create,,,,,605c3c3dba869b0aa71cda5a
391,False,False,python,1.0,1.0,,{'$date': '2021-03-26T22:53:36.981Z'},,,functions1,,,605c4db5ba869b0aa71cde48
392,True,True,python,1.0,1.0,,{'$date': '2021-04-08T20:56:46.06Z'},,,,,,605cdb29ba869b0aa71d1034
393,True,False,python,1.0,1.0,,,/part1/create_vector_with-names,,,,,605cfabeba869b0aa71d1161
394,False,True,python,1.0,1.0,,,/part1/create,,,,,605d2c28ba869b0aa71d1186
395,False,False,python,1.0,1.0,,,/part1ex/create1,,,,,605dc9a5ba869b0aa71d2b29
396,True,True,python,1.0,1.0,,,/part1/create,,,,,605e2865ba869b0aa71d30f0
397,True,False,python,1.0,1.0,,{'$date': '2021-03-27T06:22:29.722Z'},,{'$date': '2021-03-28T00:16:04.079Z'},dataframe0,,,605e8a70ba869b0aa71d31bc
398,False,True,python,1.0,1.0,,,/part1ex/create1,,,,,605ed2cbba869b0aa71d355b
399,False,False,python,1.0,1.0,,,/part1/calculate_dataframes_rowwise-aggregation,,,,,605ed3a9ba869b0aa71d35cb
400,True,True,python,1.0,1.0,,,/part1/create_dataframe,,,,,605eda49ba869b0aa71d373e
401,True,False,python,1.0,1.0,,,/part1/access_from-matrix_rows-or-columns,,,,,605f1e7fba869b0aa71d3ac9
402,False,True,python,1.0,1.0,,,/part1/create_vector,,,,matrix5,605fcd68ba869b0aa71d3d65
403,False,False,python,1.0,1.0,,{'$date': '2021-03-28T03:08:10.44Z'},,,dataframe0,,dataframe_test,605fe289ba869b0aa71d3e08
404,True,True,python,1.0,1.0,,,/part1/create,,,,matrix2,60608252ba869b0aa71d499c
405,True,False,python,1.0,1.0,,,/part1/create,,,,,6060ddf8ba869b0aa71d55b5
406,False,True,python,1.0,1.0,,,/part1/create,,,,,6060de22ba869b0aa71d55b8
407,False,False,python,1.0,1.0,,,/part1/create,,data-types,,vector2,60612c88ba869b0aa71d6f47
408,True,True,python,1.0,1.0,,,/part1/create,,,,dataframe7,606178bcba869b0aa71d74ab
409,True,False,python,1.0,1.0,,{'$date': '2021-04-01T12:42:39.711Z'},,{'$date': '2021-04-01T13:05:34.051Z'},dataframe0,{'$date': '2021-04-01T14:48:32.779Z'},dataframe_test,6061e1d4ba869b0aa71d7caa
410,False,True,python,1.0,1.0,,{'$date': '2021-03-29T19:50:33.499Z'},,,logical1,{'$date': '2021-04-05T22:12:03.304Z'},dataframe_test,6062263dba869b0aa71d7ef9
411,False,False,python,1.0,1.0,,,/part1/create,,,,vector_test,6062ca02ba869b0aa71d8745
412,True,True,python,1.0,1.0,,,/part1/create,,,,dataframe_test,6062cd31ba869b0aa71d8994
413,True,False,python,1.0,1.0,,,/part1/create_vector,,,,,606302afba869b0aa71d8ae4
414,False,True,python,1.0,1.0,,{'$date': '2021-03-30T14:32:56.883Z'},,{'$date': '2021-03-31T16:24:14.742Z'},dataframe0,{'$date': '2021-03-31T18:41:50.588Z'},dataframe_test,60631f96ba869b0aa71d8f4b
415,False,False,python,1.0,1.0,,{'$date': '2021-04-06T14:13:47.493Z'},,{'$date': '2021-04-07T14:22:36.878Z'},dataframe0,,matrix_test,60633ce7ba869b0aa71d92e4
416,True,True,python,1.0,1.0,,{'$date': '2021-03-30T21:21:21.167Z'},,{'$date': '2021-03-30T22:20:29.71Z'},dataframe0,,dataframe_test,60638ea0ba869b0aa71d9f95
417,True,False,python,1.0,1.0,,,/part1/create,,,,,60645762ba869b0aa71db831
418,False,True,python,1.0,1.0,,{'$date': '2021-04-04T19:47:38.581Z'},,{'$date': '2021-04-05T02:01:18.937Z'},dataframe0,{'$date': '2021-04-06T01:34:17.75Z'},dataframe_test,60652e90ba869b0aa71df5e7
419,False,False,r,1.0,1.0,,{'$date': '2021-04-02T01:02:27.861Z'},,{'$date': '2021-04-05T00:50:34.349Z'},dataframe0,{'$date': '2021-04-05T02:57:26.651Z'},dataframe_test,6066401aba869b0aa71e11dd
420,True,True,python,1.0,1.0,,,/part1/create,,,,,60669c89e1dff50acdb84e94
421,True,False,r,1.0,1.0,,,/part1/create_matrix_from-multiple-vectors,,,,,6066a250e1dff50acdb84e9c
422,False,True,,,,,,/part1/create,,,,,606705c0e1dff50acdb8503f
423,False,False,python,1.0,1.0,,,/part1/create,,,,,60671206e1dff50acdb85523
424,True,True,python,1.0,1.0,,,/part1/access_from-matrix_single-value,,,,,6067bc02e1dff50acdb85574
425,True,False,python,1.0,1.0,,,/part1/create,,,,,60689853e1dff50acdb855c3
426,False,True,python,1.0,1.0,,{'$date': '2021-04-04T20:25:39.324Z'},,,data-types,,,6068cbbde1dff50acdb8585f
427,False,False,python,1.0,1.0,,,/part1/calculate_vectors_elementwise,,,,vector2,606970c9e1dff50acdb86754
428,True,True,python,1.0,1.0,,,/part1/access,,,,,60697567e1dff50acdb86796
429,True,False,python,1.0,1.0,,,/part1ex/restructure1,,vector0,,,6069905fe1dff50acdb867f0
430,False,True,python,1.0,1.0,,{'$date': '2021-04-05T05:54:59.235Z'},,{'$date': '2021-04-05T22:11:11.19Z'},dataframe0,{'$date': '2021-04-06T02:01:57.606Z'},dataframe_test,606a7e96e1dff50acdb88999
431,False,False,python,1.0,1.0,,,/part1ex/calculate1,,vector0,,,606aef3ae1dff50acdb88a99
432,True,True,python,1.0,1.0,,,/part1/create_vector,,,,,606b17f0e1dff50acdb88f47
433,True,False,python,1.0,1.0,,{'$date': '2021-04-05T17:47:52.988Z'},,{'$date': '2021-04-05T18:08:06.765Z'},dataframe0,{'$date': '2021-04-06T17:17:06.634Z'},dataframe_test,606b4911e1dff50acdb8983d
434,False,True,python,1.0,1.0,,{'$date': '2021-04-05T18:37:50.416Z'},,,,{'$date': '2021-04-06T00:29:26.031Z'},dataframe_test,606b527ae1dff50acdb89cc1
435,False,False,python,1.0,1.0,,,/part1/create,,,{'$date': '2021-04-07T20:52:09.173Z'},dataframe_test,606b7563e1dff50acdb8ab1f
436,True,True,python,1.0,1.0,,{'$date': '2021-04-05T21:18:08.073Z'},,{'$date': '2021-04-05T22:47:05.769Z'},dataframe0,{'$date': '2021-04-05T23:40:53.243Z'},dataframe_test,606b7a47e1dff50acdb8ac03
437,True,False,python,1.0,1.0,,,/part1ex/calculate1,,,,,606bed1de1dff50acdb8e41b
438,False,True,python,1.0,1.0,,,/part1/create,,,,vector2,606c141be1dff50acdb8e4a4
439,False,False,python,1.0,1.0,,,/part1/access_from-vector_by-name,,logical1,,dataframe1,606c48eae1dff50acdb8ec4d
440,True,True,python,1.0,1.0,,,/part1/create,,,,,606c6909e1dff50acdb8ecd9
441,True,False,python,1.0,1.0,,,/part1/create,,,,,606c6abae1dff50acdb8ecf4
442,False,True,python,1.0,1.0,,,/part1/create,,,,,606c6ad1e1dff50acdb8ecf8
443,False,False,python,1.0,1.0,,,/part1/create,,,,,606c6e52e1dff50acdb8ed41
444,True,True,python,1.0,1.0,,,/part1/create_vector_with-names,,,,dataframe_test,606c7099e1dff50acdb8ed5d
445,True,False,python,1.0,1.0,,,/part1/create,,,,dataframe6,606c70d0e1dff50acdb8ed6e
446,False,True,python,1.0,1.0,,,/part1/create,,,,,606c70d8e1dff50acdb8ed72
447,False,False,python,1.0,1.0,,,/part1/create,,,,vector_test,606c70dbe1dff50acdb8ed76
448,True,True,python,1.0,1.0,,,/part1/create,,,,vector2,606c70e2e1dff50acdb8ed79
449,True,False,python,1.0,1.0,,,/part1/create,,,{'$date': '2021-04-06T16:56:32.492Z'},dataframe_test,606c71e1e1dff50acdb8ede1
450,False,True,python,1.0,1.0,,,/part1/create,,,,,606c71f7e1dff50acdb8ede5
451,False,False,python,1.0,1.0,,,/part1ex/create1,,,,,606c72b1e1dff50acdb8ef34
452,True,True,python,1.0,1.0,,,/part1/create,,,,vector2,606c730de1dff50acdb8efd0
453,True,False,python,1.0,1.0,,,/part1/create,,,,vector3,606c7313e1dff50acdb8efd4
454,False,True,python,1.0,1.0,,,/part1/create,,,,vector2,606c7441e1dff50acdb8f2a1
455,False,False,python,1.0,1.0,,,/part1/create,,,{'$date': '2021-04-08T18:54:56.881Z'},dataframe_test,606c7619e1dff50acdb8fb02
456,True,True,python,1.0,1.0,,,/part1/create,,,,matrix3,606c8fc3e1dff50acdb934b7
457,True,False,python,1.0,1.0,,,/part1/access,,,,,606c993fe1dff50acdb94232
458,False,True,python,1.0,1.0,,,/part1/create,,,,matrix1,606c9965e1dff50acdb94283
459,False,False,python,1.0,1.0,,,/part1/create,,,,vector3,606d90f7e1dff50acdb9545a
460,True,True,python,1.0,1.0,,,/part1/create,,,,,606dcf3ce1dff50acdb976ad
461,True,False,python,1.0,1.0,,,/part1/create,,,,,606ef081e1dff50acdb9adf8
462,False,True,python,1.0,1.0,,,/part1/create,,,,matrix3,606f05f3e1dff50acdb9b10a
463,False,False,python,1.0,1.0,,,/part1/create,,,,vector3,606f7a33e1dff50acdb9bb53
464,True,True,python,1.0,1.0,,,/part1/create,,,,,606f8d92e1dff50acdb9bdb3
465,True,False,python,1.0,1.0,,,/part1/create,,,,,60703a6be1dff50acdb9be60
466,False,True,r,1.0,1.0,,{'$date': '2021-04-09T15:16:40.979Z'},,{'$date': '2021-04-10T06:22:23.381Z'},dataframe0,{'$date': '2021-04-11T11:33:47.569Z'},dataframe_test,60705318e1dff50acdb9be8b
467,False,False,python,1.0,1.0,,,/part1/create_vector,,,,,6070759be1dff50acdb9bf38
468,True,True,r,1.0,1.0,,{'$date': '2021-05-04T14:40:12.234Z'},,{'$date': '2021-05-04T15:23:40.104Z'},dataframe0,,vector_test,607161e8e1dff50acdb9c3c2
469,True,False,python,1.0,1.0,,,/part1/create,,,,,60716c5ce1dff50acdb9c3e6
470,False,True,r,1.0,1.0,,{'$date': '2021-04-10T16:03:44.087Z'},,{'$date': '2021-04-10T16:35:01.583Z'},dataframe0,{'$date': '2021-04-10T23:03:11.248Z'},dataframe_test,6071c659e1dff50acdb9c446
471,False,False,python,1.0,1.0,,,/part1/create,,,,,6071f2eee1dff50acdb9c63e
472,True,True,python,1.0,1.0,,,/part1/create,,,,,6072b49ae1dff50acdb9cca4
473,True,False,python,1.0,1.0,,,/part1/create_matrix_from-multiple-vectors,,,,,6072f6f6e1dff50acdb9d1c6
474,False,True,python,1.0,1.0,,{'$date': '2021-04-11T17:35:13.755Z'},,{'$date': '2021-04-12T17:18:55.273Z'},dataframe0,{'$date': '2021-04-16T17:54:18.68Z'},dataframe_test,607314dce1dff50acdb9d355
475,False,False,python,1.0,1.0,,,/part1ex/calculate1,,,,,6074c9b3e1dff50acdb9e161
476,True,True,python,1.0,1.0,,,/part1/create,,,,,6074ca0ce1dff50acdb9e164
477,True,False,python,1.0,1.0,,{'$date': '2021-04-19T13:32:32.633Z'},,{'$date': '2021-04-19T14:31:02.225Z'},dataframe0,{'$date': '2021-04-23T11:53:35.898Z'},dataframe_test,60754804e1dff50acdb9e264
478,False,True,python,1.0,1.0,,,/part1/create,,,,,607594e5e1dff50acdb9e280
479,False,False,python,1.0,1.0,,{'$date': '2021-04-21T13:15:07.497Z'},,{'$date': '2021-04-21T13:31:09.361Z'},dataframe0,{'$date': '2021-04-22T07:30:21.543Z'},dataframe_test,6078922ae1dff50acdba00e4
480,True,True,r,1.0,1.0,,,/part1/create,,,,,60795988e1dff50acdba0100
481,True,False,python,1.0,1.0,,,/part1/combine,,,,,6079aa99e1dff50acdba0324
482,False,True,python,1.0,1.0,,,/part1/create_vector_with-names,,,,,6079ae18e1dff50acdba03d5
483,False,False,python,1.0,1.0,,,/part1/create,,,,,607a4143e1dff50acdba0b05
484,True,True,python,1.0,1.0,,,/part1/create,,,,,607aa39ee1dff50acdba0b12
485,True,False,r,1.0,1.0,,,/part1/create,{'$date': '2021-05-31T15:35:12.304Z'},dataframe0,{'$date': '2021-06-02T09:43:41.295Z'},dataframe_test,607bf57ae1dff50acdba0b27
486,False,True,python,1.0,1.0,,,/part1/create,,,,,607c3449e1dff50acdba0b30
487,False,False,r,1.0,1.0,,,/part1ex/combine1,,,,,607c6535e1dff50acdba0b81
488,True,True,python,1.0,1.0,,,/part1/create,,,,,607cb5a5e1dff50acdba0c94
489,True,False,python,1.0,1.0,,,/part1/create,,,,,607d3d84e1dff50acdba0ca2
490,False,True,python,1.0,1.0,,,/part1ex/calculate2,{'$date': '2021-05-04T15:46:37.893Z'},dataframe0,,matrix2,607dbfe1e1dff50acdba14c9
491,False,False,python,1.0,1.0,,,/part1/create_vector,,,,,607e8f45e1dff50acdba1541
492,True,True,r,1.0,1.0,,,/part1/create_vector,,,,,6080076ae1dff50acdba1ba5
493,True,False,python,1.0,1.0,,,/part1/access,,,,,608067d4e1dff50acdba29cd
494,False,True,python,1.0,1.0,,,/part1/access_from-matrix_single-value,,,,,60806cf2e1dff50acdba2a77
495,False,False,python,1.0,1.0,,,/part1/create,,,,,6080bd8ce1dff50acdba2b64
496,True,True,r,1.0,1.0,,,/part1ex/access2,,,,,6083ef86e1dff50acdba3e43
497,True,False,python,1.0,1.0,,,/part1/create,,,,matrix3,608583bae1dff50acdba3eeb
498,False,True,python,1.0,1.0,,,/part1/create_dataframe,,,,,608720dae1dff50acdba42f7
499,False,False,python,1.0,1.0,,,/part1/calculate_vectors_with-single-value,,,,,6088c26ce1dff50acdba476e
500,True,True,python,1.0,1.0,,,/part1ex/calculate2,,,,,60891dd5e1dff50acdba4788
501,True,False,,,,,,/part1/create,,,,,6089e486e1dff50acdba480c
502,False,True,,,,,,/part1/create,,,,,6089e544e1dff50acdba4813
503,False,False,r,1.0,1.0,,,/part1ex/create1,,,,,6089fe86e1dff50acdba4817
504,True,True,python,1.0,1.0,,,/part1ex/create2,,,,,608a092ce1dff50acdba4823
505,True,False,python,1.0,1.0,,,/part1/calculate_vectors_with-single-value,,,,,608b230ce1dff50acdba48d3
506,False,True,python,1.0,1.0,,,/part1/create,,,,,608bec4ce1dff50acdba493c
507,False,False,python,1.0,1.0,,,/part1/create,,,,,608c956fe1dff50acdba4958
508,True,True,python,1.0,1.0,,{'$date': '2021-05-01T16:08:45.514Z'},,{'$date': '2021-05-01T19:25:46.732Z'},dataframe0,,vector_test,608c9d49e1dff50acdba4969
509,True,False,python,1.0,1.0,,{'$date': '2021-05-01T08:32:33.143Z'},,{'$date': '2021-05-01T09:22:25.703Z'},dataframe0,{'$date': '2021-05-01T14:02:35.447Z'},dataframe_test,608d0830e1dff50acdba4a76
510,False,True,python,1.0,1.0,,,/part1/create,,logical1,,,608d1576e1dff50acdba4c47
511,False,False,python,1.0,1.0,,,/part1/calculate,,,,,608d41b3e1dff50acdba68b2
512,True,True,python,1.0,1.0,,{'$date': '2021-05-25T20:35:31.51Z'},,,scalar1,,,6091ae07e1dff50acdba9730
513,True,False,python,1.0,1.0,,,/part1/create,,,,,6091ee3be1dff50acdba9b9c
514,False,True,python,1.0,1.0,,,/part1/create,,,,,609264d4e1dff50acdba9bf0
515,False,False,python,1.0,1.0,,,/part1ex/access1,,,,,60926c8ce1dff50acdba9caf
516,True,True,r,1.0,1.0,,{'$date': '2021-05-05T17:44:16.901Z'},,{'$date': '2021-05-05T18:24:19.74Z'},dataframe0,{'$date': '2021-05-06T10:25:54.178Z'},dataframe_test,6092d3e0e1dff50acdba9d03
517,True,False,python,1.0,1.0,,,/part1ex/create2,,,,,6092e500e1dff50acdbaa5fd
518,False,True,python,1.0,1.0,,,/part1/create,,,,,6093dea9e1dff50acdbac132
519,False,False,python,1.0,1.0,,,/part1/create,,,,,60942f10e1dff50acdbac164
520,True,True,r,1.0,1.0,,,/part1/create,,,,vector2,60943504e1dff50acdbac18e
521,True,False,python,1.0,1.0,,,/part1/combine,,,,,6095cc43d35efd0ab8825574
522,False,True,python,1.0,1.0,,,/part1ex/access1,,,,,6095cf81d35efd0ab88255cd
523,False,False,python,1.0,1.0,,,/part1/create_vector,,,,,60962a3dd35efd0ab8825803
524,True,True,python,1.0,1.0,,,/part1ex/create2,,,,,609910d0d35efd0ab8825823
525,True,False,python,1.0,1.0,,{'$date': '2021-05-10T17:07:19.5Z'},,{'$date': '2021-05-11T11:21:18.9Z'},dataframe0,,vector3,6099392ad35efd0ab8825886
526,False,True,python,1.0,1.0,,,/part1ex/create1,,,,,609943b2d35efd0ab88258df
527,False,False,r,1.0,1.0,,,/part1/create,,,,,609acc29d35efd0ab8825aec
528,True,True,python,1.0,1.0,,,/part1/create,,,,,609acceed35efd0ab8825af6
529,True,False,python,1.0,1.0,,,/part1/create,,,,,609ae9bdd35efd0ab8825afc
530,False,True,python,1.0,1.0,,,/part1ex/create1,,,,,609aff10d35efd0ab8825b01
531,False,False,r,1.0,1.0,,,/part1ex/access1,,,,,609cbf9cd35efd0ab8825e86
532,True,True,python,1.0,1.0,,,/part1ex/access1,,,,,609d46f3d35efd0ab8825efd
533,True,False,python,1.0,1.0,,,/part1/create,,,,,609e2e67d35efd0ab8825f61
534,False,True,python,1.0,1.0,,,/part1ex/create1,,,,,609f7d3fd35efd0ab8825f94
535,False,False,python,1.0,1.0,,,/part1ex/access1,,,,,609fdad9d35efd0ab8825fae
536,True,True,python,1.0,1.0,,,/part1/create_vector_with-names,,,,,60a00c38d35efd0ab8825ffd
537,True,False,r,1.0,1.0,,,/part1/create,,,,vector3,60a078aed35efd0ab8826010
538,False,True,,,1.0,,,/part1/create,,,,,60a09f86d35efd0ab882615a
539,False,False,python,1.0,1.0,,,/part1/create,,,,,60a0ea59d35efd0ab882615f
540,True,True,python,1.0,1.0,,{'$date': '2021-05-16T14:16:29.734Z'},,,,,,60a123d8d35efd0ab8826169
541,True,False,python,1.0,1.0,,,/part1ex/create2,,,,,60a15dc3d35efd0ab882623a
542,False,True,python,1.0,1.0,,,/part1ex/create1,,,,,60a59b23d35efd0ab88262be
543,False,False,python,1.0,1.0,,{'$date': '2021-05-22T16:10:53.728Z'},,{'$date': '2021-05-25T14:16:41.431Z'},dataframe0,,dataframe6,60a91d26d35efd0ab882663d
544,True,True,python,1.0,1.0,,,/part1ex/create1,,,,,60a9808bd35efd0ab882679c
545,True,False,python,1.0,1.0,,,/part1ex/calculate1,,,,,60ad2545d35efd0ab8826a9d
546,False,True,python,1.0,1.0,,,/part1/create,,,,,60afa7e2d35efd0ab8826e25
547,False,False,python,1.0,1.0,,,/part1/create_matrix_by-folding-a-vector,,,,,60b1882bd35efd0ab8827351
548,True,True,python,1.0,,,,/part1/create,,,,,60b29329d35efd0ab8827377
549,True,False,python,1.0,1.0,,,/part1/create,,,,,60b38a7cd35efd0ab8827383
550,False,True,python,1.0,1.0,,,/part1/create_vector_from-smaller-vectors,,,,,60b3e4efd35efd0ab882738d
551,False,False,python,1.0,1.0,,{'$date': '2021-05-30T21:09:30.517Z'},,{'$date': '2021-05-30T21:37:46.445Z'},dataframe0,,matrix2,60b3f5a7d35efd0ab882739e
552,True,True,r,1.0,1.0,,,/part1/access,,,,,60b438bad35efd0ab8827d95
553,True,False,python,1.0,1.0,,,/part1/create,,,,,60b5a1fcd35efd0ab88285c8
